	GMOY000749	GMOY001603	GMOY002920	GMOY003090	GMOY003371	GMOY003588	GMOY003952	GMOY005053	GMOY005321	GMOY009908	GMOY010976	GMOY011979	GMOY000749n	GMOY001603n	GMOY002920n	GMOY003090n	GMOY003371n	GMOY003588n	GMOY005053n	GMOY005321n	GMOY009908n	GMOY011979n
T1	19.52	27.81	24.92	20.21	19.22	20.885	23.745	21.485	28.78	26.65	25.87	21.98	4.9925	-3.2975	-0.112499999999999	4.5975	5.5875	3.9225	3.3225	-3.9725	-1.8425	2.8275
T2	19.1	27.39	26.895	20.605	18.99	20.795	23.575	21.03	28.82	27.33	25.23	21.98	5.0725	-3.2175	-2.4925	3.7975	5.4125	3.6075	3.3725	-4.4175	-2.9275	2.4225
T3	18.86	26.58	26.515	19.955	18.64	19.905	22.865	20.21	29.455	25.865	24.82	20.965	4.795	-2.925	-2.6725	3.8875	5.2025	3.9375	3.6325	-5.6125	-2.0225	2.8775
T4	19.75	26.025	18.92	19.72	19.475	19.855	23.655	21.42	21.665	23.525	25.35	21.31	4.48	-1.795	5.5825	4.7825	5.0275	4.6475	3.0825	2.8375	0.977500000000001	3.1925
T5	19.05	26.705	21.71	19.505	18.9	20.005	22.81	20.675	26.655	25.175	24.945	21.01	4.6975	-2.9575	2.1675	4.3725	4.9775	3.8725	3.2025	-2.7775	-1.2975	2.8675
T6	18.97	25.77	26.075	19.79	18.755	19.725	22.77	20.74	29.25	25.62	24.875	21.27	4.5925	-2.2075	-2.2525	4.0325	5.0675	4.0975	3.0825	-5.4275	-1.7975	2.5525
T7	18.735	27.28	28.26	19.965	18.05	20.06	22.635	20.11	30.105	26.195	24.695	21.05	4.7075	-3.8375	-4.595	3.7	5.615	3.605	3.555	-6.44	-2.53	2.615
T14	18.805	26.77	24.82	19.775	18.58	20.47	22.625	19.9	28.795	25.675	24.785	20.625	4.7925	-3.1725	-1.115	3.93	5.125	3.235	3.805	-5.09	-1.97	3.08
T15	18.8	27.25	23.355	19.88	18.645	20.585	22.82	20.445	27.97	25.695	25.1	20.98	4.9125	-3.5375	0.605	4.08	5.315	3.375	3.515	-4.01	-1.735	2.98
T16	19.93	27.645	24.45	20.545	19.82	21.36	23.75	21.36	26.955	26.575	25.935	21.815	4.7025	-3.0125	0.3925	4.2975	5.0225	3.4825	3.4825	-2.1125	-1.7325	3.0275
T17	19.865	25.745	19.58	19.61	19.705	20.005	23.665	21.62	21.885	23.605	25.67	21.35	4.535	-1.345	5.0875	5.0575	4.9625	4.6625	3.0475	2.7825	1.0625	3.3175
T19	18.93	25.845	24.655	19.61	18.67	20	22.735	20.495	28.555	26.26	24.89	20.875	4.7175	-2.1975	-0.842500000000001	4.2025	5.1425	3.8125	3.3175	-4.7425	-2.4475	2.9375
T20	19.025	27.635	27.81	20.6	18.82	20.68	22.98	20.47	34.235	27.055	25.34	21.21	4.855	-3.755	-3.65	3.56	5.34	3.48	3.69	-10.075	-2.895	2.95
T8	18.775	25.105	19.87	18.565	18.535	18.785	22.5	20.165	24.44	22.86	24.57	19.9	4.6925	-1.6375	3.665	4.97	5	4.75	3.37	-0.904999999999999	0.675000000000001	3.635
T21	19.51	24.705	23.315	19.75	19.105	19.82	22.945	20.82	26.405	24.755	25.375	20.84	4.65	-0.545	0.845000000000001	4.41	5.1975	4.34	3.34	-2.245	-0.595000000000001	3.32
T22	19.035	26.51	25.715	20.54	18.78	20.845	22.79	20.36	28.51	26.53	25.29	20.995	5.005	-2.47	-1.675	3.5	5.3275	3.195	3.68	-4.47	-2.49	3.045
T23	18.78	25.45	24.235	19.66	19.225	20.46	22.42	20.25	28.02	25.115	24.7	20.68	4.78	-1.89	-0.674999999999999	3.9	5.1325	3.1	3.31	-4.46	-1.555	2.88
T24	19.325	24.08	19.325	18.945	19.07	19.615	22.535	20.645	22.615	23.035	24.8	20.28	4.3425	-0.4125	4.3425	4.7225	5.025	4.0525	3.0225	1.0525	0.6325	3.3875
T25	19.185	24.4	20.775	18.765	18.89	19.415	22.65	20.555	25.29	23.525	25.145	20.5	4.7125	-0.5025	3.1225	5.1325	5.115	4.4825	3.3425	-1.3925	0.3725	3.3975
T26	18.965	24.49	20.06	18.85	19.08	19.78	22.575	20.66	25.78	24.31	24.885	20.57	4.765	-0.759999999999998	3.67	4.88	5.4	3.95	3.07	-2.05	-0.58	3.16
T27	19.025	25.505	24.655	19.975	18.765	20.195	22.575	20.625	27.55	25.735	25.02	21.02	4.7725	-1.7075	-0.857500000000002	3.8225	5.165	3.6025	3.1725	-3.7525	-1.9375	2.7775
T28	18.425	25.505	26.26	19.985	17.95	19.615	22.33	19.64	28.78	25.505	24.53	20.54	5.005	-2.075	-2.83	3.445	5.6525	3.815	3.79	-5.35	-2.075	2.89
T29	19.695	26.31	25.705	20.685	19.155	21.395	23.485	20.825	29.945	25.685	25.595	21.495	4.845	-1.77	-1.165	3.855	5.295	3.145	3.715	-5.405	-1.145	3.045
T30	18.725	26.01	26.6	19.9	18.925	20.3	22.725	20.395	29.3	25.76	24.98	20.925	5.1275	-2.1575	-2.7475	3.9525	5.095	3.5525	3.4575	-5.4475	-1.9075	2.9275
T31	19.945	26.475	26.775	21.36	19.505	20.925	23.645	21.3	28.65	27.37	25.935	21.815	4.845	-1.685	-1.985	3.43	5.325	3.865	3.49	-3.86	-2.58	2.975
T32	19.855	25.66	28.115	20.685	19.435	20.695	23.455	20.87	30.035	27	25.99	21.665	4.8675	-0.9375	-3.3925	4.0375	5.35	4.0275	3.8525	-5.3125	-2.2775	3.0575
T33	18.9	25.675	24.69	19.765	18.875	19.895	22.68	19.995	27.64	25.65	24.98	20.965	4.93	-1.845	-0.859999999999998	4.065	5.125	3.935	3.835	-3.81	-1.82	2.865
T34	19.055	25.815	25.87	20.045	18.585	19.955	22.725	20.035	27.795	25.54	25.19	20.8	4.9025	-1.8575	-1.9125	3.9125	5.5525	4.0025	3.9225	-3.8375	-1.5825	3.1575
T35	18.44	25.575	23.47	19.715	17.98	19.995	22.46	19.98	29.56	25.11	24.71	20.85	5.145	-1.99	0.115000000000002	3.87	5.605	3.59	3.605	-5.975	-1.525	2.735
T36	18.835	24.83	24.085	19.53	18.56	19.93	22.475	20.015	28.49	24.82	24.635	20.875	4.72	-1.275	-0.530000000000001	4.025	4.995	3.625	3.54	-4.935	-1.265	2.68
T37	18.625	24.4	25.975	19.445	17.885	19.63	22.295	19.755	29.495	25.235	24.16	20.425	4.6025	-1.1725	-2.7475	3.7825	5.3425	3.5975	3.4725	-6.2675	-2.0075	2.8025
T38	18.905	24.13	22.895	18.98	18.77	19.205	22.52	19.98	28.865	24.55	24.78	20.055	4.745	-0.480000000000002	0.754999999999997	4.67	4.88	4.445	3.67	-5.215	-0.900000000000002	3.595
T39	35.4	40	35.48	40	37.085	40	NA	40	39.89	31.465	NA	40	NA	NA	NA	NA	NA	NA	NA	NA	NA	NA
T40	19.795	26.62	28.605	20.79	19.55	20.785	23.53	20.89	30.605	26.815	25.85	21.615	4.895	-1.93	-3.915	3.9	5.14	3.905	3.8	-5.915	-2.125	3.075
T41	19.895	26.315	26.58	20.895	19.645	21.575	23.81	21.125	31.84	26.5	26.205	21.82	5.1125	-1.3075	-1.5725	4.1125	5.3625	3.4325	3.8825	-6.8325	-1.4925	3.1875
T42	18.675	23.64	16.645	17.745	18.46	18.55	21.985	20.34	18.72	21.725	24.525	19.545	4.58	-0.385	6.61	5.51	4.795	4.705	2.915	4.535	1.53	3.71
T43	18.87	24.37	16.005	18.43	18.565	18.93	22.105	20.505	18.94	21.67	24.725	19.845	4.545	-0.955	7.41	4.985	4.85	4.485	2.91	4.475	1.745	3.57
T44	19.72	25.805	27.105	20.51	19.43	20.27	23.435	20.745	35.52	26.45	25.76	21.345	4.8775	-1.2075	-2.5075	4.0875	5.1675	4.3275	3.8525	-10.9225	-1.8525	3.2525
T45	19.755	25.395	26.615	20.415	19.575	20.585	23.325	20.75	29.23	26.44	25.72	21.555	4.7675	-0.872499999999999	-2.0925	4.1075	4.9475	3.9375	3.7725	-4.7075	-1.9175	2.9675
T46	20.805	27.08	25.71	21.685	20.56	21.785	24.47	21.79	29.715	26.465	27.23	22.57	5.045	-1.23	0.140000000000001	4.165	5.29	4.065	4.06	-3.865	-0.614999999999998	3.28
T47	20.08	27.395	27.035	21.555	19.725	21.695	23.9	21.605	30.22	27.17	26.555	22.025	5.1475	-2.3325	-1.8075	3.6725	5.5025	3.5325	3.6225	-4.9925	-1.9425	3.2025
T48	19.245	23.7	19.745	18.975	18.815	19.755	22.81	20.705	23.985	23.575	25.44	20.535	4.88	0.425000000000001	4.38	5.15	5.31	4.37	3.42	0.140000000000001	0.550000000000001	3.59
T101	20.495	27.625	28.915	21.5	19.81	21.695	23.965	21.205	33.33	27.13	26.465	21.825	4.72	-2.41	-3.7	3.715	5.405	3.52	4.01	-8.115	-1.915	3.39
T49	17.895	25.825	23.615	19.47	17.665	20.06	21.935	19.785	27.615	24.6	24.05	20.29	5.0975	-2.8325	-0.6225	3.5225	5.3275	2.9325	3.2075	-4.6225	-1.6075	2.7025
T50	19.535	26.815	25.755	20.66	18.945	21.08	23.505	20.965	29.555	26.825	25.27	21.735	4.8525	-2.4275	-1.3675	3.7275	5.4425	3.3075	3.4225	-5.1675	-2.4375	2.6525
T51	19.085	25.95	25.755	20.045	18.7	20.035	22.815	20.375	31.51	25.65	24.91	20.84	4.7775	-2.0875	-1.8925	3.8175	5.1625	3.8275	3.4875	-7.6475	-1.7875	3.0225
T52	19.055	25.69	24.175	19.88	18.75	20.035	22.645	20.68	27.275	24.99	24.93	20.805	4.7325	-1.9025	-0.387499999999999	3.9075	5.0375	3.7525	3.1075	-3.4875	-1.2025	2.9825
T53	19.635	27.465	27.695	20.68	18.89	20.785	23.4	20.765	31.41	26.095	25.615	21.8	4.8725	-2.9575	-3.1875	3.8275	5.6175	3.7225	3.7425	-6.9025	-1.5875	2.7075
T54	19.675	25.685	25.765	19.915	18.945	19.83	22.875	20.855	28.335	26.24	25.02	21.17	4.2725	-1.7375	-1.8175	4.0325	5.0025	4.1175	3.0925	-4.3875	-2.2925	2.7775
T102	19.395	27.32	26.065	20.395	18.655	20.575	23.055	20.365	30.03	26.36	25.12	21.465	4.6925	-3.3	-1.9775	3.6925	5.4325	3.5125	3.7225	-5.9425	-2.2725	2.6225
T103	19.475	27.635	28	20.55	19	20.615	23.03	20.45	30.72	26.835	25.18	21.46	4.63	-3.53	-3.895	3.555	5.105	3.49	3.655	-6.615	-2.73	2.645
T104	18.33	25.625	25.995	19.77	17.835	19.77	22.405	19.785	29.46	25.535	24.63	20.565	5.1875	-2.1075	-2.4775	3.7475	5.6825	3.7475	3.7325	-5.9425	-2.0175	2.9525
T105	18.83	26.115	26.08	20.365	18.53	20.485	22.68	20.51	28.825	25.705	24.97	20.805	4.995	-2.29	-2.255	3.46	5.295	3.34	3.315	-5	-1.88	3.02
T106	19.7	28.015	26	20.58	19.345	21.37	23.285	20.875	32.4	26.5	25.62	21.775	4.7525	-3.5625	-1.5475	3.8725	5.1075	3.0825	3.5775	-7.9475	-2.0475	2.6775
T107	18.955	27.045	26.38	19.815	18.605	20.655	22.655	20.105	28.275	25.815	24.975	21.38	4.86	-3.23	-2.565	4	5.21	3.16	3.71	-4.46	-2	2.435
T108	18.93	26.645	24.22	19.77	18.695	20.65	22.725	20.035	27.63	25.82	24.935	21.14	4.9	-2.815	-0.390000000000001	4.06	5.135	3.18	3.795	-3.8	-1.99	2.69
T109	19.775	25.32	18.03	19.6	19.34	19.84	22.92	21.13	20.605	22.875	25.63	20.855	4.5	-1.045	6.245	4.675	4.935	4.435	3.145	3.67	1.4	3.42
T110	20.73	26.65	18.92	19.695	20.42	20.735	23.805	21.755	20.96	23.62	26.58	21.115	4.4625	-1.4575	6.2725	5.4975	4.7725	4.4575	3.4375	4.2325	1.5725	4.0775
T111	18.805	24.695	16.795	17.855	18.465	18.87	22.065	20.27	19.125	21.505	24.3	19.91	4.3775	-1.5125	6.3875	5.3275	4.7175	4.3125	2.9125	4.0575	1.6775	3.2725
T112	18.975	24.725	17.865	18.87	18.865	18.955	22.57	20.685	19.73	22.035	24.955	20.2	4.7875	-0.962499999999999	5.8975	4.8925	4.8975	4.8075	3.0775	4.0325	1.7275	3.5625
T113	18.82	27.85	26.545	20.435	18.645	20.58	22.795	20.65	30.175	25.885	24.96	21.65	5.0575	-3.9725	-2.6675	3.4425	5.2325	3.2975	3.2275	-6.2975	-2.0075	2.2275
T114	19.04	27.41	24.66	20.535	18.75	20.51	22.65	20.57	29.18	26.115	25.18	21.675	4.875	-3.495	-0.745000000000001	3.38	5.165	3.405	3.345	-5.265	-2.2	2.24
T115	18.49	26.8	25.69	19.915	17.95	20.045	22.385	20.06	27.845	26.155	24.78	20.91	5.0925	-3.2175	-2.1075	3.6675	5.6325	3.5375	3.5225	-4.2625	-2.5725	2.6725
T116	19.14	28.875	25.395	20.725	18.815	21.16	23.32	20.78	29.465	26.355	25.565	21.7	5.3025	-4.4325	-0.952500000000001	3.7175	5.6275	3.2825	3.6625	-5.0225	-1.9125	2.7425
T117	18.995	27.49	27.38	20.715	18.775	20.815	23.04	20.315	30.53	26.88	25.415	21.13	5.2325	-3.2625	-3.1525	3.5125	5.4525	3.4125	3.9125	-6.3025	-2.6525	3.0975
T118	19.805	27.27	26.535	20.84	19.1	20.93	23.385	20.845	31.775	26.8	25.905	21.89	4.84	-2.625	-1.89	3.805	5.545	3.715	3.8	-7.13	-2.155	2.755
T119	18.935	26.595	26.605	20.525	18.66	20.12	22.67	20.03	31.965	26.63	25.13	21.025	4.965	-2.695	-2.705	3.375	5.24	3.78	3.87	-8.065	-2.73	2.875
T120	18.95	27.59	25.585	19.995	18.37	20.665	22.735	20.37	29.36	26.015	25.04	21.29	4.9375	-3.7025	-1.6975	3.8925	5.5175	3.2225	3.5175	-5.4725	-2.1275	2.5975
T121	19.065	27.335	25.88	20.685	18.825	20.815	23.08	20.78	29.865	26.045	25.55	21.945	5.25	-3.02	-1.565	3.63	5.49	3.5	3.535	-5.55	-1.73	2.37
T122	19.3	27.695	25.125	20.795	18.875	21.17	23.435	20.795	31.335	26.68	25.885	21.855	5.36	-3.035	-0.465	3.865	5.785	3.49	3.865	-6.675	-2.02	2.805
T123	18.985	26.34	23.7	20.425	18.71	20.77	22.815	20.695	29.41	25.94	24.875	21.24	4.86	-2.495	0.145000000000001	3.42	5.135	3.075	3.15	-5.565	-2.095	2.605
T124	19.73	26.475	26.505	20.62	19.46	20.985	23.54	20.68	29.55	26.71	25.7	21.125	4.89	-1.855	-1.885	4	5.16	3.635	3.94	-4.93	-2.09	3.495
T125	19.805	24.74	19.625	19.46	19.56	19.825	23.185	21.005	23.935	23.63	25.455	20.375	4.515	-0.42	4.695	4.86	4.76	4.495	3.315	0.385	0.690000000000001	3.945
T126	23.57	29.035	22.83	22.615	23.12	23.515	26.405	23.855	23.765	26.695	28.82	23.645	4.0425	-1.4225	4.7825	4.9975	4.4925	4.0975	3.7575	3.8475	0.9175	3.9675
T127	18.785	23.71	19.88	18.55	18.5	18.79	22.375	20.015	24.525	22.795	24.315	19.8	4.56	-0.364999999999998	3.465	4.795	4.845	4.555	3.33	-1.18	0.550000000000002	3.545
T128	18.945	23.905	18.67	18.7	18.515	18.87	22.13	20.365	22.775	22.35	24.37	19.785	4.305	-0.654999999999999	4.58	4.55	4.735	4.38	2.885	0.475000000000001	0.899999999999999	3.465
T129	19.035	25.135	18.895	18.8	18.62	19.415	22.605	20.34	24.975	22.885	24.585	20.775	4.56	-1.54	4.7	4.795	4.975	4.18	3.255	-1.38	0.709999999999999	2.82
T130	19.45	25.295	18.575	18.82	18.83	19.765	22.84	20.535	22.44	22.51	24.79	20.655	4.365	-1.48	5.24	4.995	4.985	4.05	3.28	1.375	1.305	3.16
T131	19.915	25.07	19.77	20.24	19.61	20.21	23.455	21.165	23.76	23.755	25.745	20.92	4.685	-0.470000000000002	4.83	4.36	4.99	4.39	3.435	0.839999999999998	0.844999999999997	3.68
T132	19.125	24.67	18.69	18.76	18.84	19.655	22.525	20.595	23.61	22.845	24.885	20.7	4.58	-0.965	5.015	4.945	4.865	4.05	3.11	0.0950000000000006	0.859999999999999	3.005
T133	18.865	23.62	17.695	17.93	18.62	18.015	22.375	19.965	21.705	22.485	24.09	19.83	4.3675	-0.387499999999998	5.5375	5.3025	4.6125	5.2175	3.2675	1.5275	0.747500000000002	3.4025
T134	19.005	23.705	17.385	18.32	18.675	18.715	22.515	20.44	21.695	22.425	24.735	19.95	4.62	-0.0800000000000018	6.24	5.305	4.95	4.91	3.185	1.93	1.2	3.675
T135	21.49	25.76	20.73	20.775	20.865	20.78	24.67	22.595	23.56	25.81	27.305	22.125	4.4975	0.227499999999999	5.2575	5.2125	5.1225	5.2075	3.3925	2.4275	0.177499999999998	3.8625
T136	19.82	24.375	18.745	18.83	19.12	19.65	22.83	20.895	22.74	23.59	24.915	20.865	4.0525	-0.502500000000001	5.1275	5.0425	4.7525	4.2225	2.9775	1.1325	0.282499999999999	3.0075
T137	18.685	25.955	24.835	20.495	17.995	20.535	22.585	20.135	29.68	26.26	24.56	20.975	4.8875	-2.3825	-1.2625	3.0775	5.5775	3.0375	3.4375	-6.1075	-2.6875	2.5975
T138	17.955	25.83	24.785	19.685	17.78	19.9	22.205	19.77	28.91	25.17	24	20.815	5.1475	-2.7275	-1.6825	3.4175	5.3225	3.2025	3.3325	-5.8075	-2.0675	2.2875
T139	18.945	25.37	24.59	20.43	18.72	20.575	22.705	20.535	30.215	26.095	24.815	20.75	4.815	-1.61	-0.829999999999998	3.33	5.04	3.185	3.225	-6.455	-2.335	3.01
T140	18.795	26.875	26.6	20.485	18.705	19.965	22.7	19.95	29.64	26.375	24.695	21.025	4.9025	-3.1775	-2.9025	3.2125	4.9925	3.7325	3.7475	-5.9425	-2.6775	2.6725
T141	19.785	26.55	26.86	20.735	19.525	21.05	23.245	20.75	38.575	27.76	25.655	21.74	4.665	-2.1	-2.41	3.715	4.925	3.4	3.7	-14.125	-3.31	2.71
T142	19.4	26.585	26.19	20.68	18.785	20.58	22.865	20.27	31.645	25.985	25.12	21.32	4.5925	-2.5925	-2.1975	3.3125	5.2075	3.4125	3.7225	-7.6525	-1.9925	2.6725
T143	18.82	23.81	16.94	17.88	18.1	18.835	21.97	20.145	19.505	21.745	24.16	20.035	4.245	-0.745000000000001	6.125	5.185	4.965	4.23	2.92	3.56	1.32	3.03
T144	18.655	23.345	16.915	18.51	18.365	18.74	22.245	20.34	19.28	21.54	23.905	19.52	4.42	-0.27	6.16	4.565	4.71	4.335	2.735	3.795	1.535	3.555
T145	19.455	24.14	18.055	19.71	18.85	19.59	22.775	20.855	22.41	23.505	24.94	19.99	4.4025	-0.282500000000001	5.8025	4.1475	5.0075	4.2675	3.0025	1.4475	0.352499999999999	3.8675
T146	19.465	24.515	17.25	18.87	18.93	19.65	22.74	20.94	19.945	22.605	25.14	20.015	4.475	-0.574999999999999	6.69	5.07	5.01	4.29	3	3.995	1.335	3.925
T147	20.045	26.195	22.875	20.585	19.785	20.9	23.68	21.03	28.765	26.625	25.9	21.83	4.745	-1.405	1.915	4.205	5.005	3.89	3.76	-3.975	-1.835	2.96
T148	20.04	25.755	23.025	19.845	19.6	20.76	23.475	20.84	28.285	25.725	25.79	20.835	4.5925	-1.1225	1.6075	4.7875	5.0325	3.8725	3.7925	-3.6525	-1.0925	3.7975
T149	19.935	26.57	24.965	20.7	19.605	20.5	23.415	21.01	31.34	26.59	25.625	21.48	4.585	-2.05	-0.444999999999999	3.82	4.915	4.02	3.51	-6.82	-2.07	3.04
T150	20.925	26.735	23.98	20.935	20.665	21.645	24.28	21.68	28.895	26.55	26.89	21.885	4.66	-1.15	1.605	4.65	4.92	3.94	3.905	-3.31	-0.965000000000002	3.7
T151	19.765	26.595	27.715	20.74	19.595	20.85	23.505	20.91	30.55	26.49	25.675	21.705	4.825	-2.005	-3.125	3.85	4.995	3.74	3.68	-5.96	-1.9	2.885
T152	19.21	26.585	26.53	20.465	18.76	20.57	22.82	20.615	29.84	26.76	24.89	20.965	4.645	-2.73	-2.675	3.39	5.095	3.285	3.24	-5.985	-2.905	2.89
T153	18.725	26.24	27.605	20.29	18.42	19.71	22.37	19.685	30.61	25.62	24.295	20.715	4.6075	-2.9075	-4.2725	3.0425	4.9125	3.6225	3.6475	-7.2775	-2.2875	2.6175
T154	18.59	25.555	26.54	19.79	18.375	20.335	22.54	20.095	30.28	25.935	24.485	20.55	4.9225	-2.0425	-3.0275	3.7225	5.1375	3.1775	3.4175	-6.7675	-2.4225	2.9625
T155	19.235	25.93	27.485	20.665	18.78	20.475	22.695	20.55	30.215	26.595	24.795	20.765	4.51	-2.185	-3.74	3.08	4.965	3.27	3.195	-6.47	-2.85	2.98
T156	19.735	26.365	26.36	20.73	19.455	20.925	23.355	20.885	30.025	26.01	25.415	21.585	4.65	-1.98	-1.975	3.655	4.93	3.46	3.5	-5.64	-1.625	2.8
T157	18.845	25.685	25.505	19.905	18.71	19.87	22.425	20.345	27.995	25.64	24.76	20.79	4.7475	-2.0925	-1.9125	3.6875	4.8825	3.7225	3.2475	-4.4025	-2.0475	2.8025
T158	19.58	26.86	25.285	20.425	19.335	21.32	23.255	20.525	30.59	25.255	25.67	21.445	4.8825	-2.3975	-0.822500000000002	4.0375	5.1275	3.1425	3.9375	-6.1275	-0.7925	3.0175
T159	19.025	25.915	27.69	19.72	18.8	19.865	22.735	20.135	30.98	25.615	24.845	20.82	4.765	-2.125	-3.9	4.07	4.99	3.925	3.655	-7.19	-1.825	2.97
T160	19.94	26.745	26.625	20.795	19.675	21.295	23.55	20.915	29.855	26.47	25.985	21.76	4.8275	-1.9775	-1.8575	3.9725	5.0925	3.4725	3.8525	-5.0875	-1.7025	3.0075
T161	19.085	26.105	26.155	20.375	18.855	20.685	22.9	20.65	29.13	26.15	25.33	21.345	5.03	-1.99	-2.04	3.74	5.26	3.43	3.465	-5.015	-2.035	2.77
T162	25.075	31.315	30.095	25.76	24.885	26.315	28.505	26.05	40	40	30.795	26.025	4.575	-1.665	-0.0750000000000028	3.89	4.765	3.335	3.6	-10.35	-9.98	3.625
T163	18.88	24.53	20.635	18.735	18.405	18.79	22.525	19.965	24.715	23.685	24.47	19.96	4.6175	-1.0325	2.8625	4.7625	5.0925	4.7075	3.5325	-1.2175	-0.187499999999998	3.5375
T164	19.8	25.065	20.76	19.13	19.105	19.605	22.865	20.725	25.02	23.01	25.225	20.78	4.245	-1.02	3.285	4.915	4.94	4.44	3.32	-0.975000000000001	1.035	3.265
T165	19.63	26.525	26.495	20.75	19.08	20.825	23.345	20.745	31.375	26.58	25.085	21.9	4.585	-2.31	-2.28	3.465	5.135	3.39	3.47	-7.16	-2.365	2.315
T166	19.655	27.37	26.59	20.4	19.36	21.165	23.585	20.76	29.19	26.96	25.635	21.835	4.955	-2.76	-1.98	4.21	5.25	3.445	3.85	-4.58	-2.35	2.775
T167	20.825	28.31	28.135	21.66	20.63	22.335	24.36	21.91	32.19	27.695	26.765	22.735	4.7375	-2.7475	-2.5725	3.9025	4.9325	3.2275	3.6525	-6.6275	-2.1325	2.8275
T168	19.53	26.585	27.3	20.715	19.105	20.75	22.61	20.59	29.57	25.86	25.035	21.595	4.2925	-2.7625	-3.4775	3.1075	4.7175	3.0725	3.2325	-5.7475	-2.0375	2.2275
T169	20.505	27.635	27.465	21.495	20.275	21.58	23.655	21.505	29.525	26.66	26.22	21.905	4.4325	-2.6975	-2.5275	3.4425	4.6625	3.3575	3.4325	-4.5875	-1.7225	3.0325
T170	19.815	27.005	27.98	20.785	19.27	20.755	22.93	20.725	29.6	26.73	24.985	21.835	4.1425	-3.0475	-4.0225	3.1725	4.6875	3.2025	3.2325	-5.6425	-2.7725	2.1225
T171	19.755	26.785	26.445	20.645	19.125	20.8	23.47	20.855	30.465	26.17	25.555	21.735	4.7575	-2.2725	-1.9325	3.8675	5.3875	3.7125	3.6575	-5.9525	-1.6575	2.7775
T172	19.57	26.81	26.16	20.79	19.405	21.02	23.245	20.54	29.29	26.285	25.445	21.705	4.775	-2.465	-1.815	3.555	4.94	3.325	3.805	-4.945	-1.94	2.64
T173	18.86	25.695	24.775	20.445	18.655	20.62	22.595	20.385	29.505	26.065	24.975	20.795	4.925	-1.91	-0.99	3.34	5.13	3.165	3.4	-5.72	-2.28	2.99
T174	18.955	26.355	24.66	20.595	18.685	20.775	22.68	20.685	29.275	25.375	25.33	20.92	5.05	-2.35	-0.655000000000001	3.41	5.32	3.23	3.32	-5.27	-1.37	3.085
T175	19.08	25.485	23.525	19.7	18.86	19.93	22.635	20.625	29.12	25.69	24.97	21.055	4.7225	-1.6825	0.277500000000003	4.1025	4.9425	3.8725	3.1775	-5.3175	-1.8875	2.7475
T176	20.715	26.525	24.19	20.695	19.915	20.955	23.645	21.64	28.465	26.805	26.11	22.015	4.1625	-1.6475	0.687500000000002	4.1825	4.9625	3.9225	3.2375	-3.5875	-1.9275	2.8625
T177	19.86	26.71	24.955	20.7	19.35	20.595	23.275	20.705	29.12	26.55	25.325	21.725	4.44	-2.41	-0.654999999999998	3.6	4.95	3.705	3.595	-4.82	-2.25	2.575
T178	18.855	25.435	25.845	19.79	18.61	19.65	22.57	19.865	28.45	24.86	24.555	20.705	4.7075	-1.8725	-2.2825	3.7725	4.9525	3.9125	3.6975	-4.8875	-1.2975	2.8575
T179	19.705	25.22	24.62	20.405	19.16	20.56	23.105	20.815	28.03	25.625	25.01	20.95	4.42	-1.1625	-0.562500000000002	3.6525	4.8975	3.4975	3.2425	-3.9725	-1.5675	3.1075
T180	19.345	25.42	24.155	19.635	18.66	20.07	22.645	20.405	27.51	25.425	24.6	20.915	4.8825	-1.7975	-0.532499999999999	3.9875	4.9625	3.5525	3.2175	-3.8875	-1.8025	2.7075
T181	19.035	25.62	25.63	20.25	18.72	20.32	22.82	20.415	27.585	25.53	24.775	21.595	4.7375	-1.8225	-1.8325	3.5475	5.0775	3.4775	3.3825	-3.7875	-1.7325	2.2025
T182	19.41	25.47	25.405	20.345	18.85	20.08	22.635	20.56	29.405	25.81	24.9	21.16	4.485	-1.7025	-1.6375	3.4225	4.9175	3.6875	3.2075	-5.6375	-2.0425	2.6075
T183	19.35	25.27	24.43	20.18	18.545	19.755	22.485	20.085	28.84	25.605	24.535	20.67	4.75	-1.76	-0.919999999999998	3.33	4.965	3.755	3.425	-5.33	-2.095	2.84
T184	19.72	25.625	26.505	20.665	18.935	20.44	23.01	20.845	29.02	26.515	25.31	21.53	4.7375	-1.465	-2.345	3.495	5.225	3.72	3.315	-4.86	-2.355	2.63
T185	19.68	26.625	20.745	20.125	19.7	20.385	23.075	21.195	25.805	24.39	25.075	21.735	4.495	-2.55	3.33	3.95	4.375	3.69	2.88	-1.73	-0.315000000000001	2.34
T186	18.795	24.27	20.205	19.29	18.46	19.44	22.35	19.955	26.325	24	24.255	20.645	4.6425	-0.967499999999998	3.0975	4.0125	4.8425	3.8625	3.3475	-3.0225	-0.697499999999998	2.6575
T187	19.29	24.685	19.775	19.41	18.855	19.78	22.625	20.455	25.325	23.685	24.855	20.82	4.685	-0.945	3.965	4.33	4.885	3.96	3.285	-1.585	0.0549999999999997	2.92
T188	19.995	25.26	22.205	20.775	19.85	20.635	23.74	21.47	30.23	25.465	25.98	21.645	4.53	-0.399999999999999	2.655	4.085	5.01	4.225	3.39	-5.37	-0.604999999999999	3.215
T189	19.23	25.625	24.93	19.645	18.755	19.88	22.65	20.12	28.41	25.66	24.845	21.06	4.6175	-1.8775	-1.1825	4.1025	4.9925	3.8675	3.6275	-4.6625	-1.9125	2.6875
T190	19.455	25.695	24.64	20.585	19.525	20.76	23.44	20.83	29.255	26.305	25.655	21.32	4.8575	-1.1475	-0.0925000000000011	3.9625	5.0225	3.7875	3.7175	-4.7075	-1.7575	3.2275
T191	19.025	26.705	25.35	20.545	18.64	20.65	22.83	20.645	29.36	26.365	25.095	21.73	4.8675	-2.7425	-1.3875	3.4175	5.3225	3.3125	3.3175	-5.3975	-2.4025	2.2325
T192	19.775	26.685	25.95	20.555	18.78	20.605	22.855	20.46	29.505	26.675	25.05	21.64	4.6675	-2.7325	-1.9975	3.3975	5.1725	3.3475	3.4925	-5.5525	-2.7225	2.3125
T193	19.62	25.72	25.59	20.52	18.865	20.78	23.03	20.84	30.325	26.785	25.085	21.87	4.4375	-1.6625	-1.5325	3.5375	5.1925	3.2775	3.2175	-6.2675	-2.7275	2.1875
T194	19.735	26.625	27.25	20.52	19.165	20.77	22.91	20.73	29.9	27.23	25.45	21.545	4.445	-2.445	-3.07	3.66	5.015	3.41	3.45	-5.72	-3.05	2.635
T195	19.31	26.81	26.52	20.715	18.775	20.545	22.99	20.62	29.015	26.54	24.895	21.665	4.6325	-2.8675	-2.5775	3.2275	5.1675	3.3975	3.3225	-5.0725	-2.5975	2.2775
T196	18.625	25.84	26.605	20.13	17.935	19.815	22.42	19.775	30.2	25.99	24.7	20.68	4.935	-2.28	-3.045	3.43	5.625	3.745	3.785	-6.64	-2.43	2.88
T197	19.895	27.59	27.975	21.515	19.745	21.545	23.57	21.52	30.12	27.09	26.04	22.505	4.91	-2.785	-3.17	3.29	5.06	3.26	3.285	-5.315	-2.285	2.3
T198	19.91	27.31	27.3	21.46	19.705	21.105	23.475	20.98	34.845	26.39	25.57	21.86	4.6125	-2.7875	-2.7775	3.0625	4.8175	3.4175	3.5425	-10.3225	-1.8675	2.6625
T199	18.86	26.23	25.645	20.19	18.63	20.085	22.68	20.635	32.21	25.715	25.025	21.115	4.9925	-2.3775	-1.7925	3.6625	5.2225	3.7675	3.2175	-8.3575	-1.8625	2.7375
T200	18.755	25.33	25.915	20.325	18.48	19.965	22.41	20.27	29.945	25.365	24.45	20.66	4.675	-1.9	-2.485	3.105	4.95	3.465	3.16	-6.515	-1.935	2.77
T201	20.96	28.5	26.385	21.705	20.7	22.12	24.45	22.035	30.635	27.77	26.79	22.695	4.66	-2.88	-0.764999999999999	3.915	4.92	3.5	3.585	-5.015	-2.15	2.925
T202	18.975	26.48	25.975	20.13	18.765	19.82	22.65	19.955	39.38	25.865	24.84	21.465	4.77	-2.735	-2.23	3.615	4.98	3.925	3.79	-15.635	-2.12	2.28
T203	18.975	27.3	27.395	20.41	18.67	20.405	22.59	20.16	30.965	26.785	24.835	21.53	4.7375	-3.5875	-3.6825	3.3025	5.0425	3.3075	3.5525	-7.2525	-3.0725	2.1825
T204	18.925	26.755	26.695	20.395	18.655	20.205	22.51	19.895	30.37	27.095	24.62	21.635	4.64	-3.19	-3.13	3.17	4.91	3.36	3.67	-6.805	-3.53	1.93
T205	19.125	27.27	27.055	20.39	18.825	19.85	22.8	20.515	28.1	26.525	24.93	21.52	4.74	-3.5175	-3.19	3.475	5.04	4.015	3.35	-4.235	-2.66	2.345
T206	20.82	28.11	28.77	21.915	20.545	21.915	23.97	21.565	31.7	28.09	26.79	22.585	4.56	-2.73	-3.39	3.465	4.835	3.465	3.815	-6.32	-2.71	2.795
T207	18.755	24.675	25.21	19.49	18.675	19.41	22.12	19.93	28.545	25.085	24.45	20.185	4.53	-1.39	-1.925	3.795	4.61	3.875	3.355	-5.26	-1.8	3.1
T208	18.9	25.355	23.265	19.675	18.69	19.84	22.645	20.02	26.47	25.66	24.695	20.925	4.77	-1.685	0.405000000000001	3.995	4.98	3.83	3.65	-2.8	-1.99	2.745
T209b	19.715	27.02	25.45	20.615	18.99	20.935	23.265	20.74	30.25	26.97	25.53	21.685	4.6825	-2.6225	-1.0525	3.7825	5.4075	3.4625	3.6575	-5.8525	-2.5725	2.7125
T210a	20.695	26.66	24.84	20.9	20.325	21.38	24.17	21.865	30.06	26.82	26.25	22.56	4.515	-1.45	0.370000000000001	4.31	4.885	3.83	3.345	-4.85	-1.61	2.65
T210b	19.755	26.755	25.525	20.78	19.545	21.18	23.46	20.93	30.94	26.445	25.685	21.775	4.8175	-2.1825	-0.952499999999999	3.7925	5.0275	3.3925	3.6425	-6.3675	-1.8725	2.7975
T211	18.635	25.66	25.27	19.73	17.97	19.89	22.285	19.915	28.34	25.51	24.365	20.815	4.69	-2.335	-1.945	3.595	5.355	3.435	3.41	-5.015	-2.185	2.51
T212	18.96	26.52	25.015	19.915	18.71	20.34	22.595	20.03	31.13	25.845	24.735	21.205	4.705	-2.855	-1.35	3.75	4.955	3.325	3.635	-7.465	-2.18	2.46
T213	18.645	24.34	17.795	18.42	18.205	18.985	22.11	19.975	20.21	21.81	23.975	19.935	4.3975	-1.2975	5.2475	4.6225	4.8375	4.0575	3.0675	2.8325	1.2325	3.1075
T214	19.045	24.5	18.465	18.73	18.855	19.665	22.74	20.66	20.99	22.54	24.87	20.75	4.76	-0.695	5.34	5.075	4.95	4.14	3.145	2.815	1.265	3.055
T215	19.085	24.615	20.655	19.14	18.825	19.75	22.71	20.655	25.425	24.465	24.875	20.83	4.7075	-0.822499999999998	3.1375	4.6525	4.9675	4.0425	3.1375	-1.6325	-0.672499999999999	2.9625
T216	19.075	24.85	21.64	19.75	18.76	19.75	22.755	20.32	27.895	25.015	24.76	20.88	4.6825	-1.0925	2.1175	4.0075	4.9975	4.0075	3.4375	-4.1375	-1.2575	2.8775
T217	19.09	26.535	26.48	19.88	18.795	19.925	22.83	20.09	27.665	25.965	24.815	21.11	4.7325	-2.7125	-2.6575	3.9425	5.0275	3.8975	3.7325	-3.8425	-2.1425	2.7125
T218	19.91	26.625	26.6	20.65	19.36	20.5	23.665	20.935	29.84	26.645	25.465	21.455	4.655	-2.06	-2.035	3.915	5.205	4.065	3.63	-5.275	-2.08	3.11
T219	18.935	24.845	23.805	19.39	18.53	19.06	22.33	20.02	25.995	24.635	24.475	20.735	4.4675	-1.4425	-0.4025	4.0125	4.8725	4.3425	3.3825	-2.5925	-1.2325	2.6675
T220	19.16	25.205	23.91	19.45	18.69	19.555	22.6	20.42	26.695	25.24	24.555	20.89	4.4175	-1.6275	-0.332500000000001	4.1275	4.8875	4.0225	3.1575	-3.1175	-1.6625	2.6875
T221	19.655	27.025	24.88	20.465	18.92	20.755	22.825	20.66	28.38	25.425	25.04	21.555	4.2775	-3.0925	-0.9475	3.4675	5.0125	3.1775	3.2725	-4.4475	-1.4925	2.3775
T222	18.965	27.37	26.29	20.37	18.775	20.52	22.705	20.6	29.965	25.59	24.855	21.575	4.815	-3.59	-2.51	3.41	5.005	3.26	3.18	-6.185	-1.81	2.205
T223	18.995	27.035	26.555	20.53	18.73	20.285	22.9	20.52	30.51	26.68	24.95	21.65	4.93	-3.11	-2.63	3.395	5.195	3.64	3.405	-6.585	-2.755	2.275
T224	19.25	27.285	25.535	20.515	18.765	20.58	23.08	20.715	30.155	25.55	24.83	21.805	4.705	-3.33	-1.58	3.44	5.19	3.375	3.24	-6.2	-1.595	2.15
T225	18.905	27.015	26.58	20.48	18.69	20.445	22.615	20.715	30.06	26.465	24.77	21.635	4.7875	-3.3225	-2.8875	3.2125	5.0025	3.2475	2.9775	-6.3675	-2.7725	2.0575
T226	19.775	27.5	27.49	21.54	19.48	21.53	23.685	21.54	30.78	27.075	25.635	22.815	4.885	-2.84	-2.83	3.12	5.18	3.13	3.12	-6.12	-2.415	1.845
T227	18.805	26.43	27.75	20.445	18.64	20.015	22.615	20.45	29.915	25.975	24.78	21.4	4.8925	-2.7325	-4.0525	3.2525	5.0575	3.6825	3.2475	-6.2175	-2.2775	2.2975
T228	18.99	26.56	26.4	20.585	18.74	20.785	23	20.615	33.965	26.3	24.935	21.615	4.9775	-2.5925	-2.4325	3.3825	5.2275	3.1825	3.3525	-9.9975	-2.3325	2.3525
T229	18.92	27.295	25.035	20.43	18.665	20.385	22.675	20.635	28.91	26.14	24.785	21.4	4.81	-3.565	-1.305	3.3	5.065	3.345	3.095	-5.18	-2.41	2.33
T230	19.015	26.43	25.54	20.445	18.745	20.66	22.755	20.67	29.865	26.03	24.88	21.62	4.8025	-2.6125	-1.7225	3.3725	5.0725	3.1575	3.1475	-6.0475	-2.2125	2.1975
T232	19.895	26.505	25.82	20.705	19.55	20.735	23.5	21.02	29.32	26.96	25.5	21.84	4.605	-2.005	-1.32	3.795	4.95	3.765	3.48	-4.82	-2.46	2.66
T233	20.695	26.56	26.475	20.635	19.89	20.715	23.915	21.655	30.685	27.43	25.92	21.925	4.2225	-1.6425	-1.5575	4.2825	5.0275	4.2025	3.2625	-5.7675	-2.5125	2.9925
T234	18.905	25.65	22.725	19.42	18.62	19.72	22.555	19.99	27.015	24.72	24.305	20.92	4.525	-2.22	0.705	4.01	4.81	3.71	3.44	-3.585	-1.29	2.51
T235	19.655	26.415	27.145	20.78	19.13	20.855	23.47	20.885	31.29	26.025	25.74	21.465	4.95	-1.81	-2.54	3.825	5.475	3.75	3.72	-6.685	-1.42	3.14
T236	20.91	28.055	29.76	22.4	20.65	22.6	24.68	21.925	30.94	27.76	27.14	22.875	5	-2.145	-4.12	3.51	5.26	3.31	3.985	-5.03	-1.85	3.035
T237	18.955	26.015	26.51	20.56	18.58	20.64	22.725	20.725	29.315	26.605	25.225	21.08	5.02	-2.04	-2.535	3.415	5.395	3.335	3.25	-5.34	-2.63	2.895
T238	19.01	25.79	25.735	20.21	18.705	20.67	22.865	20.625	29.58	26.2	25.17	21.005	5.0075	-1.7725	-1.7175	3.8075	5.3125	3.3475	3.3925	-5.5625	-2.1825	3.0125
T239	19.105	27.04	26.385	21.08	18.83	20.87	23.18	21.25	28.405	26.19	25.5	21.57	5.235	-2.4725	-2.045	3.26	5.51	3.47	3.09	-4.065	-1.85	2.77
T240	23.26	29.88	29.155	24.28	22.83	24.505	26.63	23.95	40	29.92	29.665	24.21	4.8875	-1.7325	-1.0075	3.8675	5.3175	3.6425	4.1975	-11.8525	-1.7725	3.9375
T241	18.98	26.565	25.575	20.795	18.645	20.985	22.87	20.75	29.215	26.07	24.965	21.295	4.9375	-2.6475	-1.6575	3.1225	5.2725	2.9325	3.1675	-5.2975	-2.1525	2.6225
T242	18.67	26.275	24.36	20.275	18.475	20.61	22.475	20.54	29.4	25.345	24.655	20.74	4.895	-2.71	-0.794999999999998	3.29	5.09	2.955	3.025	-5.835	-1.78	2.825
T243	19.25	26.57	24.935	20.48	18.81	20.365	22.985	20.51	29.575	25.5	24.925	20.81	4.705	-2.615	-0.979999999999999	3.475	5.145	3.59	3.445	-5.62	-1.545	3.145
T244	19.04	26.995	27.12	20.74	18.82	20.525	23.355	20.73	30.155	25.705	25.315	21.425	5.295	-2.66	-2.785	3.595	5.515	3.81	3.605	-5.82	-1.37	2.91
T245	19.5	27.325	26.12	21.055	19.13	20.965	23.515	20.93	31.295	26.715	25.76	21.775	5.1375	-2.6875	-1.4825	3.5825	5.5075	3.6725	3.7075	-6.6575	-2.0775	2.8625
T246	19.775	27.365	25.455	21.195	19.46	21.49	23.565	21.415	30.71	26.36	25.81	21.785	4.9125	-2.6775	-0.7675	3.4925	5.2275	3.1975	3.2725	-6.0225	-1.6725	2.9025
T247	19.31	27.36	25.275	20.96	18.84	21.155	23.455	20.945	28.665	25.85	25.84	21.7	5.3375	-2.7125	-0.6275	3.6875	5.8075	3.4925	3.7025	-4.0175	-1.2025	2.9475
T248	19.19	27.085	26.97	21.26	18.875	20.965	22.805	20.87	32.105	26.695	25.175	21.65	4.8	-3.095	-2.98	2.73	5.115	3.025	3.12	-8.115	-2.705	2.34
T249	18.795	25.47	22.585	18.855	18.59	19.27	21.845	20.065	25.82	23.755	23.93	20.85	4.0925	-2.5825	0.302500000000002	4.0325	4.2975	3.6175	2.8225	-2.9325	-0.867499999999998	2.0375
T250	19.45	25.76	24.325	19.835	19.02	19.955	22.8	20.655	27.78	25.775	24.925	21.155	4.4125	-1.8975	-0.4625	4.0275	4.8425	3.9075	3.2075	-3.9175	-1.9125	2.7075
T251	18.92	26.585	25.225	20.11	18.84	20.575	22.51	20.49	32.605	24.895	24.705	21.62	4.6875	-2.9775	-1.6175	3.4975	4.7675	3.0325	3.1175	-8.9975	-1.2875	1.9875
T252	18.725	26.735	26.055	19.88	18.54	19.91	22.09	19.94	28.535	25.65	24.365	21.64	4.5025	-3.5075	-2.8275	3.3475	4.6875	3.3175	3.2875	-5.3075	-2.4225	1.5875
T253	19.38	25.645	18.75	18.86	19.16	19.795	22.54	20.73	21.57	22.735	24.835	21.23	4.3075	-1.9575	4.9375	4.8275	4.5275	3.8925	2.9575	2.1175	0.952500000000001	2.4575
T254	18.79	24.275	18.705	18.6	18.365	18.9	21.84	20.01	23.35	22.375	24.105	20.18	4.1825	-1.3025	4.2675	4.3725	4.6075	4.0725	2.9625	-0.3775	0.5975	2.7925
T255	19.015	24.69	20.99	19.56	18.765	19.805	22.61	20.47	26.785	24.28	24.53	20.985	4.555	-1.12	2.58	4.01	4.805	3.765	3.1	-3.215	-0.709999999999999	2.585
T256	18.735	24.515	19.56	19.215	18.52	19.545	22.585	20.305	24.71	23.365	24.67	20.68	4.8925	-0.887500000000001	4.0675	4.4125	5.1075	4.0825	3.3225	-1.0825	0.262499999999999	2.9475
T257	18.945	26	24.94	20.32	18.71	20.495	22.67	20.455	29.935	25.795	24.95	21.495	4.865	-2.19	-1.13	3.49	5.1	3.315	3.355	-6.125	-1.985	2.315
T258	18.85	25.43	24.88	19.67	18.615	19.835	22.63	19.945	27.785	25.575	24.725	20.81	4.8275	-1.7525	-1.2025	4.0075	5.0625	3.8425	3.7325	-4.1075	-1.8975	2.8675
T259	18.81	24.5	24.13	19.07	18.325	18.96	22.35	19.82	26.42	24.745	24.515	20.65	4.6225	-1.0675	-0.6975	4.3625	5.1075	4.4725	3.6125	-2.9875	-1.3125	2.7825
T260	18.945	25.25	23.74	19.545	18.715	19.67	22.455	20.21	27.75	24.99	24.78	20.775	4.6725	-1.6325	-0.1225	4.0725	4.9025	3.9475	3.4075	-4.1325	-1.3725	2.8425
T261	19.665	24.985	20.725	18.94	19.005	19.505	22.73	20.65	25.255	23.615	25	20.9	4.2	-1.12	3.14	4.925	4.86	4.36	3.215	-1.39	0.250000000000002	2.965
T262	18.95	24.435	20.535	18.71	18.69	18.96	22.44	19.985	23.815	22.79	24.58	20.225	4.56	-0.925000000000001	2.975	4.8	4.82	4.55	3.525	-0.305000000000001	0.719999999999999	3.285
T263	18.995	23.645	18.9	18.815	18.75	19.725	22.6	20.635	21.79	22.68	24.72	20.62	4.665	0.0149999999999988	4.76	4.845	4.91	3.935	3.025	1.87	0.979999999999999	3.04
T264	18.955	24.155	20.11	18.845	18.71	19.07	22.295	20.08	25.13	23.515	24.185	20.82	4.285	-0.915000000000001	3.13	4.395	4.53	4.17	3.16	-1.89	-0.275	2.42
T265	18.935	23.9	17.935	18.6	18.755	18.99	22.495	20.53	19.75	21.985	24.475	20.605	4.55	-0.415000000000001	5.55	4.885	4.73	4.495	2.955	3.735	1.5	2.88
T266	18.465	23.01	18.95	18.55	17.995	18.685	21.825	19.795	21.94	22.145	23.95	19.87	4.4225	-0.1225	3.9375	4.3375	4.8925	4.2025	3.0925	0.9475	0.7425	3.0175
T267	18.86	25.065	18.965	18.775	18.7	19.54	22.21	20.17	25.86	23.29	24.52	20.73	4.505	-1.7	4.4	4.59	4.665	3.825	3.195	-2.495	0.0750000000000011	2.635
T268	19.59	24.75	23.815	19.775	18.915	19.72	22.83	20.755	26.9	25.71	25.155	20.99	4.4025	-0.7575	0.1775	4.2175	5.0775	4.2725	3.2375	-2.9075	-1.7175	3.0025
T269	19.5	26.33	21.85	19.765	19.025	20.38	22.97	20.89	25.56	24.895	25.17	21.655	4.57	-2.26	2.22	4.305	5.045	3.69	3.18	-1.49	-0.825000000000001	2.415
T270	19.72	26.305	26.34	20.495	19.5	20.56	23.385	20.645	28.01	26.39	25.47	21.605	4.7075	-1.8775	-1.9125	3.9325	4.9275	3.8675	3.7825	-3.5825	-1.9625	2.8225
T271	20.94	28.515	28.065	22.715	21.385	21.8	24.59	22.545	28.59	27.94	26.785	23.775	4.7475	-2.8275	-2.3775	2.9725	4.3025	3.8875	3.1425	-2.9025	-2.2525	1.9125
T272	20.7	26.48	24.1	21.375	20.455	21.53	24.125	21.765	28.175	26.785	26.625	21.915	4.675	-1.105	1.275	4	4.92	3.845	3.61	-2.8	-1.41	3.46
T273	19.275	25.945	24.92	19.915	18.775	20.67	22.8	20.66	27.59	26.59	25.245	21.675	4.7475	-1.9225	-0.897499999999999	4.1075	5.2475	3.3525	3.3625	-3.5675	-2.5675	2.3475
T274	18.905	25.385	24.395	19.74	18.645	20.27	22.605	19.995	27.895	25.47	24.655	20.96	4.725	-1.755	-0.764999999999999	3.89	4.985	3.36	3.635	-4.265	-1.84	2.67
T275	18.925	26.73	24.865	19.91	18.72	20.515	22.74	20.66	28.385	25.59	24.865	21.58	4.8775	-2.9275	-1.0625	3.8925	5.0825	3.2875	3.1425	-4.5825	-1.7875	2.2225
T276	18.87	26.42	24.72	19.855	18.625	20.125	22.63	20.525	31.49	26.43	24.695	20.98	4.7925	-2.7575	-1.0575	3.8075	5.0375	3.5375	3.1375	-7.8275	-2.7675	2.6825
T277	18.95	24.815	18.465	18.66	18.705	19.77	22.52	20.555	22.005	22.535	24.61	20.905	4.615	-1.25	5.1	4.905	4.86	3.795	3.01	1.56	1.03	2.66
T278	18.96	25.52	18.205	18.795	18.72	19.675	22.69	20.71	20.86	22.55	24.68	20.845	4.725	-1.835	5.48	4.89	4.965	4.01	2.975	2.825	1.135	2.84
T279	18.87	24.715	23.975	19.485	18.6	19.13	22.45	20.335	27.29	24.675	24.565	20.835	4.6375	-1.2075	-0.467499999999998	4.0225	4.9075	4.3775	3.1725	-3.7825	-1.1675	2.6725
T280	19.335	25.485	19.99	19.755	18.9	19.75	22.785	20.695	26.215	23.67	24.815	21.065	4.465	-1.685	3.81	4.045	4.9	4.05	3.105	-2.415	0.129999999999997	2.735
T281	19.74	25.525	22.785	19.635	19.405	19.68	22.72	20.63	27.765	25.375	24.975	21.03	4.1075	-1.6775	1.0625	4.2125	4.4425	4.1675	3.2175	-3.9175	-1.5275	2.8175
T282	18.93	24.805	19.955	18.885	18.75	19.715	22.595	20.525	24.555	23.685	24.7	21.12	4.7175	-1.1575	3.6925	4.7625	4.8975	3.9325	3.1225	-0.907500000000001	-0.0374999999999996	2.5275
T283	19.635	24.92	19.895	19.02	18.99	19.14	22.795	20.74	23.03	23.035	24.84	21	4.1825	-1.1025	3.9225	4.7975	4.8275	4.6775	3.0775	0.787500000000001	0.782500000000001	2.8175
T284	19.455	24.225	18.455	18.735	18.795	19.47	22.91	20.585	19.78	22.315	24.645	20.64	4.3225	-0.4475	5.3225	5.0425	4.9825	4.3075	3.1925	3.9975	1.4625	3.1375
T285	18.915	23.945	19.505	18.615	18.66	18.785	22.61	20.39	21.83	22.455	24.625	20.21	4.7025	-0.327499999999999	4.1125	5.0025	4.9575	4.8325	3.2275	1.7875	1.1625	3.4075
T286	19.09	24.24	17.955	18.835	18.805	19.475	22.72	20.745	19.865	21.985	24.88	20.73	4.71	-0.44	5.845	4.965	4.995	4.325	3.055	3.935	1.815	3.07
T287	18.965	25.755	25.28	19.95	18.77	19.895	22.76	20.58	29.195	25.83	24.87	20.97	4.85	-1.94	-1.465	3.865	5.045	3.92	3.235	-5.38	-2.015	2.845
T288	18.875	24.795	26.165	19.79	18.565	19.71	22.69	20.02	29.755	25.56	24.83	20.695	4.885	-1.035	-2.405	3.97	5.195	4.05	3.74	-5.995	-1.8	3.065
T289	18.835	25.795	26.855	19.925	18.53	19.74	22.7	20.105	30.005	25.685	24.945	20.95	4.9875	-1.9725	-3.0325	3.8975	5.2925	4.0825	3.7175	-6.1825	-1.8625	2.8725
T290	19.275	25.585	27.045	20.515	18.87	20.185	22.935	20.47	29.45	26.24	24.97	21.315	4.6775	-1.6325	-3.0925	3.4375	5.0825	3.7675	3.4825	-5.4975	-2.2875	2.6375
T291	19.395	26.275	26.095	20.64	19.15	20.73	23.045	20.88	29.52	25.69	25.09	21.38	4.6725	-2.2075	-2.0275	3.4275	4.9175	3.3375	3.1875	-5.4525	-1.6225	2.6875
T292	18.955	26.065	26.805	19.79	18.78	19.84	22.62	20.205	31.55	25.555	24.66	20.97	4.685	-2.425	-3.165	3.85	4.86	3.8	3.435	-7.91	-1.915	2.67
T293	18.93	26.66	27.035	20.38	18.755	20.545	22.695	20.22	31.455	25.935	24.76	21.545	4.7975	-2.9325	-3.3075	3.3475	4.9725	3.1825	3.5075	-7.7275	-2.2075	2.1825
T294	18.83	27.04	25.46	20.39	18.645	19.89	22.55	19.92	31.06	25.625	24.75	21.355	4.82	-3.39	-1.81	3.26	5.005	3.76	3.73	-7.41	-1.975	2.295
T295	18.96	25.565	24.94	19.985	18.74	20.27	22.62	20.56	28.82	26.42	24.745	21.635	4.7225	-1.8825	-1.2575	3.6975	4.9425	3.4125	3.1225	-5.1375	-2.7375	2.0475
T296	19.795	26.39	25.565	20.72	19.47	20.315	23.36	21.015	28.01	25.64	25.13	21.735	4.45	-2.145	-1.32	3.525	4.775	3.93	3.23	-3.765	-1.395	2.51
T297	18.895	26.51	26.145	20.23	18.37	20.485	22.55	20.325	27.17	26.37	24.63	21.355	4.695	-2.92	-2.555	3.36	5.22	3.105	3.265	-3.58	-2.78	2.235
T298	18.65	25.54	24.355	20.025	18.495	20.365	22.6	20.31	31.41	26.235	24.515	21.27	4.9075	-1.9825	-0.797499999999999	3.5325	5.0625	3.1925	3.2475	-7.8525	-2.6775	2.2875
T299	18.95	24.595	24.29	19.505	18.675	19.54	22.56	20.395	27.275	25.5	24.74	20.63	4.7	-0.945	-0.640000000000001	4.145	4.975	4.11	3.255	-3.625	-1.85	3.02
T300	18.66	24.485	20.2	18.765	18.405	19.585	22.42	19.86	24.895	22.855	24.415	20.62	4.7575	-1.0675	3.2175	4.6525	5.0125	3.8325	3.5575	-1.4775	0.562499999999998	2.7975
T301	19.34	25.905	23.66	19.685	18.925	19.745	22.92	20.74	27.68	25.505	25.02	20.9	4.63	-1.935	0.309999999999999	4.285	5.045	4.225	3.23	-3.71	-1.535	3.07
T302	19.28	24.72	19.815	18.81	18.74	19.83	22.645	20.58	26.64	23.565	24.86	20.68	4.4725	-0.967499999999999	3.9375	4.9425	5.0125	3.9225	3.1725	-2.8875	0.187500000000002	3.0725
T303	19.13	26.52	27.41	20.665	18.825	20.525	22.72	20.71	28.255	26.12	25.015	21.445	4.7375	-2.6525	-3.5425	3.2025	5.0425	3.3425	3.1575	-4.3875	-2.2525	2.4225
T304	18.76	25.78	25.32	20.225	18.325	20.13	22.63	20.545	37.835	25.365	24.67	20.895	4.89	-2.13	-1.67	3.425	5.325	3.52	3.105	-14.185	-1.715	2.755
T305	18.79	26.045	24.82	19.815	18.545	19.67	22.525	19.91	28.59	25.535	24.215	21.015	4.58	-2.675	-1.45	3.555	4.825	3.7	3.46	-5.22	-2.165	2.355
T306	19.27	26.49	24.735	20.41	18.81	20.6	22.845	20.575	28.375	26.12	25.12	21.685	4.7125	-2.5075	-0.752500000000001	3.5725	5.1725	3.3825	3.4075	-4.3925	-2.1375	2.2975
T307	18.935	26.445	25.755	20.27	18.725	19.83	22.585	20.185	27.15	26.925	24.88	21.015	4.7975	-2.7125	-2.0225	3.4625	5.0075	3.9025	3.5475	-3.4175	-3.1925	2.7175
T308	18.96	26.07	24.78	20.47	18.79	20.56	22.995	20.63	27.665	26.705	25.02	21.74	5.0475	-2.0625	-0.772500000000001	3.5375	5.2175	3.4475	3.3775	-3.6575	-2.6975	2.2675
T309	18.93	25.715	27.425	20.375	18.695	19.745	22.575	20.475	31.065	26.355	24.89	21.62	4.8025	-1.9825	-3.6925	3.3575	5.0375	3.9875	3.2575	-7.3325	-2.6225	2.1125
T310	18.765	26.165	23.815	19.69	18.495	19.82	22.42	19.9	26.77	25.47	24.535	20.84	4.7125	-2.6875	-0.337499999999999	3.7875	4.9825	3.6575	3.5775	-3.2925	-1.9925	2.6375
T311	18.68	26.935	24.745	19.985	18.465	19.98	22.42	19.93	27.36	25.485	24.42	21.32	4.74	-3.515	-1.325	3.435	4.955	3.44	3.49	-3.94	-2.065	2.1
T312	17.84	25.875	24.225	19.61	17.73	19.755	22.185	19.555	27.695	24.48	24.08	20.45	5.2925	-2.7425	-1.0925	3.5225	5.4025	3.3775	3.5775	-4.5625	-1.3475	2.6825
T313	18.72	25.005	23.535	19.7	18.51	19.735	22.5	20.16	27.435	24.64	24.49	20.725	4.775	-1.51	-0.0399999999999974	3.795	4.985	3.76	3.335	-3.94	-1.145	2.77
T314	18.78	25.975	23.45	19.485	18.6	19.905	22.565	19.965	28.325	25.47	24.59	20.775	4.7975	-2.3975	0.127500000000001	4.0925	4.9775	3.6725	3.6125	-4.7475	-1.8925	2.8025
T315	18.575	26.375	25.7	19.905	18.215	20.18	22.61	20.305	28.71	25.99	24.795	21.025	5.1275	-2.6725	-1.9975	3.7975	5.4875	3.5225	3.3975	-5.0075	-2.2875	2.6775
T316	18.32	26.39	24.455	19.755	17.89	19.905	22.455	19.77	27.8	24.885	24.535	20.635	5.175	-2.895	-0.959999999999999	3.74	5.605	3.59	3.725	-4.305	-1.39	2.86
T317	19.025	26.61	26.155	20.47	18.78	20.32	22.775	20.6	30.27	26.095	24.965	21.62	4.845	-2.74	-2.285	3.4	5.09	3.55	3.27	-6.4	-2.225	2.25
T318	18.965	26.415	25.26	19.885	18.735	20.31	22.775	20.365	29.66	25.97	25.045	21.2	4.945	-2.505	-1.35	4.025	5.175	3.6	3.545	-5.75	-2.06	2.71
T319	18.72	24.325	18.8	18.64	18.295	19.69	22.365	20.585	23.7	22.57	24.11	19.935	4.5175	-1.0875	4.4375	4.5975	4.9425	3.5475	2.6525	-0.462499999999999	0.667500000000002	3.3025
T320	18.795	24.6	18.76	18.63	18.525	19.115	22.485	20.46	20.845	22.525	24.385	19.895	4.64	-1.165	4.675	4.805	4.91	4.32	2.975	2.59	0.91	3.54
T321	18.73	25.46	24.415	20.01	18.56	20.48	22.645	20.285	28.125	25.125	24.845	20.775	5.015	-1.715	-0.670000000000002	3.735	5.185	3.265	3.46	-4.38	-1.38	2.97
T322	18.725	25.565	25.805	20.09	18.56	20.145	22.5	19.93	29.63	24.905	24.735	20.66	4.8925	-1.9475	-2.1875	3.5275	5.0575	3.4725	3.6875	-6.0125	-1.2875	2.9575
T323	18.64	26.37	27.42	20.38	18.385	20.01	22.46	20.135	29.58	25.57	24.74	20.645	4.96	-2.77	-3.82	3.22	5.215	3.59	3.465	-5.98	-1.97	2.955
T324	18.76	26.27	26.08	20.385	18.195	19.88	22.53	19.925	29.015	25.11	24.815	20.685	4.9125	-2.5975	-2.4075	3.2875	5.4775	3.7925	3.7475	-5.3425	-1.4375	2.9875
T325	18.835	25.455	25.79	19.79	18.53	19.88	22.435	19.875	29.145	24.845	24.815	20.6	4.79	-1.83	-2.165	3.835	5.095	3.745	3.75	-5.52	-1.22	3.025
T326	17.885	25.2	23.435	19.435	17.62	19.47	21.65	19.55	26.245	24.49	23.67	19.82	4.775	-2.54	-0.775	3.225	5.04	3.19	3.11	-3.585	-1.83	2.84
T327	19.01	26.885	25.46	20.325	18.81	20.455	22.66	20.375	29.96	26.29	24.79	20.85	4.715	-3.16	-1.735	3.4	4.915	3.27	3.35	-6.235	-2.565	2.875
T328	19.275	26.015	26.68	20.56	18.82	20.45	22.845	20.62	31.465	26.83	24.965	21.675	4.63	-2.11	-2.775	3.345	5.085	3.455	3.285	-7.56	-2.925	2.23
T329	19.035	27.68	27.735	20.77	18.79	20.735	23.09	20.685	32.54	27.095	25.585	21.95	5.3025	-3.3425	-3.3975	3.5675	5.5475	3.6025	3.6525	-8.2025	-2.7575	2.3875
T330	18.87	27.595	26.305	20.455	18.6	19.84	22.65	20.425	30.65	25.635	24.855	21.56	4.8825	-3.8425	-2.5525	3.2975	5.1525	3.9125	3.3275	-6.8975	-1.8825	2.1925
T331	19.05	26.8	22.015	19.565	18.875	20.08	22.83	20.645	27.3	25.48	25.29	21.705	5.01	-2.74	2.045	4.495	5.185	3.98	3.415	-3.24	-1.42	2.355
T332	19.04	26.38	22.685	19.7	18.855	20.04	22.705	20.6	26.935	25.425	24.87	21.435	4.7475	-2.5925	1.1025	4.0875	4.9325	3.7475	3.1875	-3.1475	-1.6375	2.3525
T333	21.21	28.785	27.695	22.65	20.89	22.64	25.21	22.55	32.345	27.665	27.085	23.955	4.9375	-2.6375	-1.5475	3.4975	5.2575	3.5075	3.5975	-6.1975	-1.5175	2.1925
T334	18.745	27.545	24.92	20.44	18.64	20.41	22.56	20.33	28.205	26.01	24.59	21.69	4.83	-3.97	-1.345	3.135	4.935	3.165	3.245	-4.63	-2.435	1.885
T335	18.69	26.415	24.385	19.615	18.475	19.77	22.33	19.86	27.84	25.665	24.395	21.325	4.6725	-3.0525	-1.0225	3.7475	4.8875	3.5925	3.5025	-4.4775	-2.3025	2.0375
T336	18.715	26.49	24.615	19.69	18.485	19.86	22.465	19.88	29.32	25.64	24.51	20.965	4.7725	-3.0025	-1.1275	3.7975	5.0025	3.6275	3.6075	-5.8325	-2.1525	2.5225
T337	18.655	27.09	25.895	20.365	18.505	20.41	22.41	19.875	29.02	25.295	24.71	21.475	4.905	-3.53	-2.335	3.195	5.055	3.15	3.685	-5.46	-1.735	2.085
T338	18.1	26.635	24.665	19.69	17.83	19.775	22.095	19.845	28.145	25.675	24.185	20.895	5.04	-3.495	-1.525	3.45	5.31	3.365	3.295	-5.005	-2.535	2.245
T339	18.895	26.94	26.355	20.21	18.72	20.36	22.63	20.46	29.89	26.495	24.81	21.79	4.825	-3.22	-2.635	3.51	5	3.36	3.26	-6.17	-2.775	1.93
T340	18.38	26.765	25.17	19.6	17.77	19.705	22.32	19.63	27.595	24.77	24.145	20.725	4.8525	-3.5325	-1.9375	3.6325	5.4625	3.5275	3.6025	-4.3625	-1.5375	2.5075
T341	18.955	26.72	26.41	21.07	18.745	21.11	23.5	20.655	29.685	25.755	25.695	21.805	5.6425	-2.1225	-1.8125	3.5275	5.8525	3.4875	3.9425	-5.0875	-1.1575	2.7925
T342	18.565	26.705	24.53	19.865	18.01	20.31	22.565	19.775	28.225	25.07	24.795	21.29	5.115	-3.025	-0.85	3.815	5.67	3.37	3.905	-4.545	-1.39	2.39
T343	18.785	25.975	24.965	19.72	18.595	19.675	22.595	20.16	26.975	25.12	24.83	20.915	4.9275	-2.2625	-1.2525	3.9925	5.1175	4.0375	3.5525	-3.2625	-1.4075	2.7975
T344	18.025	24.76	24.645	19.54	17.855	19.085	22.085	19.715	28.83	24.755	24.17	19.95	5.1025	-1.6325	-1.5175	3.5875	5.2725	4.0425	3.4125	-5.7025	-1.6275	3.1775
T345	18.74	26.345	23.835	19.88	18.31	19.865	22.565	19.83	28.175	24.94	24.83	20.51	4.9575	-2.6475	-0.137500000000001	3.8175	5.3875	3.8325	3.8675	-4.4775	-1.2425	3.1875
T346	18.41	26.755	26.56	19.835	18.06	19.88	22.51	19.83	28.905	25.88	24.445	20.985	5.0675	-3.2775	-3.0825	3.6425	5.4175	3.5975	3.6475	-5.4275	-2.4025	2.4925
T347	19.92	28.345	27.14	21.455	19.8	21.54	23.65	21.575	29.605	26.585	25.87	22.71	4.84	-3.585	-2.38	3.305	4.96	3.22	3.185	-4.845	-1.825	2.05
T348	18.79	27.015	27.165	20.48	18.595	20.41	22.575	20.265	30.48	26.685	24.64	21.655	4.8175	-3.4075	-3.5575	3.1275	5.0125	3.1975	3.3425	-6.8725	-3.0775	1.9525
T349	18.885	25.46	20	19.035	18.67	19.135	22.47	20.625	22.075	22.61	24.715	20.83	4.7075	-1.8675	3.5925	4.5575	4.9225	4.4575	2.9675	1.5175	0.9825	2.7625
T350	18.765	25.4	20.6	18.815	18.685	18.855	22.39	20.175	24.755	23.105	24.5	20.645	4.68	-1.955	2.845	4.63	4.76	4.59	3.27	-1.31	0.340000000000002	2.8
T351	19.52	27.74	28.285	21.29	19.39	20.705	22.675	20.69	32.41	26.35	24.93	22.445	4.2825	-3.9375	-4.4825	2.5125	4.4125	3.0975	3.1125	-8.6075	-2.5475	1.3575
T352	18.56	26.64	26.195	19.82	17.92	20.385	22.395	19.995	29.69	25.61	24.48	21.52	4.8775	-3.2025	-2.7575	3.6175	5.5175	3.0525	3.4425	-6.2525	-2.1725	1.9175
T353	19.075	28.11	26.85	20.52	18.77	20.525	22.705	20.545	31.31	25.71	24.915	21.815	4.735	-4.3	-3.04	3.29	5.04	3.285	3.265	-7.5	-1.9	1.995
T354	19.65	27.495	26.065	21.385	19.515	21.405	23.555	21.21	28.245	27.125	25.715	21.99	4.985	-2.86	-1.43	3.25	5.12	3.23	3.425	-3.61	-2.49	2.645
T355	18.795	26.445	25.945	20.415	18.57	20.69	22.73	20.435	31.275	25.72	24.695	21.525	4.9175	-2.7325	-2.2325	3.2975	5.1425	3.0225	3.2775	-7.5625	-2.0075	2.1875
T356	18.8	27.01	25.58	20.42	18.655	20.59	22.75	20.505	29.005	25.605	24.89	21.56	5.02	-3.19	-1.76	3.4	5.165	3.23	3.315	-5.185	-1.785	2.26
T357	19.005	26.4	25.03	20.095	18.875	20.63	22.775	20.56	29.68	25.805	25.075	21.7	4.92	-2.475	-1.105	3.83	5.05	3.295	3.365	-5.755	-1.88	2.225
T358	19.685	25.775	24.08	20.49	19.425	20.62	23.475	20.79	30.62	26.3	25.35	21.695	4.7275	-1.3625	0.332499999999998	3.9225	4.9875	3.7925	3.6225	-6.2075	-1.8875	2.7175
T359	18.975	23.885	19.715	18.73	18.73	18.985	22.515	20.02	22.695	22.875	24.855	20.725	4.71	-0.199999999999999	3.97	4.955	4.955	4.7	3.665	0.99	0.81	2.96
T360	18.835	24.225	17.18	18.635	18.575	19.275	22.54	20.55	18.855	21.845	24.83	20.705	4.85	-0.540000000000001	6.505	5.05	5.11	4.41	3.135	4.83	1.84	2.98
T361	19.245	24.125	20.345	18.83	18.815	18.93	22.755	20.82	23	23.43	24.93	20.82	4.5975	-0.282500000000001	3.4975	5.0125	5.0275	4.9125	3.0225	0.842499999999999	0.4125	3.0225
T362	19.12	24.445	17.95	18.73	18.825	19.64	22.64	20.63	19.755	22.2	24.805	20.855	4.6025	-0.7225	5.7725	4.9925	4.8975	4.0825	3.0925	3.9675	1.5225	2.8675
T363	19.675	24.82	24.36	19.56	18.965	19.705	22.78	20.615	28.615	25.805	24.825	20.995	4.1275	-1.0175	-0.557500000000001	4.2425	4.8375	4.0975	3.1875	-4.8125	-2.0025	2.8075
T364	18.795	25.54	19.77	18.81	18.54	19.555	22.405	20.45	25.32	23.845	24.365	20.75	4.59	-2.155	3.615	4.575	4.845	3.83	2.935	-1.935	-0.459999999999999	2.635
T365	18.765	24.79	21.495	18.775	18.46	18.835	22.325	19.845	27.65	23.78	24.31	20.53	4.5525	-1.4725	1.8225	4.5425	4.8575	4.4825	3.4725	-4.3325	-0.462499999999999	2.7875
T366	19.015	25.3	20.255	19.575	18.715	19.65	22.595	20.405	26.505	24.45	24.69	20.865	4.6275	-1.6575	3.3875	4.0675	4.9275	3.9925	3.2375	-2.8625	-0.807499999999997	2.7775
T367	18.85	25.465	26.565	20.185	18.61	19.935	22.595	20.575	30.06	25.31	24.795	21.035	4.845	-1.77	-2.87	3.51	5.085	3.76	3.12	-6.365	-1.615	2.66
T368	18.685	26.03	25.33	19.585	18.425	20.115	22.555	19.855	27.6	25.475	24.555	20.87	4.87	-2.475	-1.775	3.97	5.13	3.44	3.7	-4.045	-1.92	2.685
T369	19.7	27.39	27.46	20.6	19.165	20.475	23.13	20.71	30.235	26.485	25.21	21.77	4.47	-3.515	-3.29	3.57	5.005	3.695	3.46	-6.065	-2.315	2.4
T370	19.035	26.7	24.51	19.915	18.845	20.54	22.825	20.57	28.635	25.595	25.035	21.57	4.895	-2.77	-0.580000000000002	4.015	5.085	3.39	3.36	-4.705	-1.665	2.36
T371	19.85	23.8	19.535	19.65	19.535	19.915	23.42	21.175	21.755	23.665	25.64	21.325	4.68	0.73	4.995	4.88	4.995	4.615	3.355	2.775	0.865	3.205
T372	19.155	25.035	18.975	18.91	18.75	19.37	22.68	20.625	22.895	23.235	24.825	20.935	4.5975	-1.2825	4.7775	4.8425	5.0025	4.3825	3.1275	0.857500000000002	0.5175	2.8175
T373	18.735	25.575	24.995	19.685	18.205	19.845	22.56	19.845	27.28	26.195	24.64	20.94	4.865	-1.975	-1.395	3.915	5.395	3.755	3.755	-3.68	-2.595	2.66
T374	19.81	26.26	24.57	20.57	19.28	20.75	23.595	20.9	29.43	26.62	25.735	21.82	4.855	-1.595	0.0950000000000006	4.095	5.385	3.915	3.765	-4.765	-1.955	2.845
T375	18.915	27.535	26.255	20.71	18.77	20.625	22.73	20.665	27.685	26.2	24.91	21.89	4.905	-3.715	-2.435	3.11	5.05	3.195	3.155	-3.865	-2.38	1.93
T376	18.82	26.74	26.07	19.895	18.545	20.64	22.665	20.245	29.555	25.645	24.805	21.615	4.915	-3.005	-2.335	3.84	5.19	3.095	3.49	-5.82	-1.91	2.12
T377	19.645	27.215	27.845	20.755	19.11	21.37	22.73	20.625	31.035	27.98	25.035	21.88	4.2375	-3.3325	-3.9625	3.1275	4.7725	2.5125	3.2575	-7.1525	-4.0975	2.0025
T378	18.825	27.425	25.42	20.415	18.6	20.625	22.685	20.51	30.185	26	24.76	21.62	4.8975	-3.7025	-1.6975	3.3075	5.1225	3.0975	3.2125	-6.4625	-2.2775	2.1025
T379	19.8	26.615	24.81	20.375	19.515	20.33	23.05	20.735	28.925	26.065	25.335	21.705	4.3925	-2.4225	-0.617500000000001	3.8175	4.6775	3.8625	3.4575	-4.7325	-1.8725	2.4875
T380	19.855	25.635	25.085	19.95	19.57	20.175	23.335	20.785	27.6	25.825	25.235	21.28	4.43	-1.35	-0.800000000000002	4.335	4.715	4.11	3.5	-3.315	-1.54	3.005
T381	20.665	27.715	27.415	21.515	20.265	21.55	24	21.68	30.885	27.215	26.635	22.72	4.6525	-2.3975	-2.0975	3.8025	5.0525	3.7675	3.6375	-5.5675	-1.8975	2.5975
T382	18.835	25.945	25.83	19.74	18.565	19.89	22.625	20.095	28.725	24.955	24.82	20.725	4.8875	-2.2225	-2.0275	3.9825	5.1575	3.8325	3.6275	-5.0025	-1.2325	2.9975
T383	18.975	24.43	16.93	18.26	18.685	18.555	22.14	20.39	19.085	21.88	24.425	19.92	4.3075	-1.1475	6.3525	5.0225	4.5975	4.7275	2.8925	4.1975	1.4025	3.3625
T384	19.025	24.33	16.97	18.095	18.755	18.815	22.445	20.645	19.765	22.045	24.76	19.95	4.5775	-0.727500000000001	6.6325	5.5075	4.8475	4.7875	2.9575	3.8375	1.5575	3.6525
T385	19.16	23.775	18.68	18.99	18.905	19.055	22.86	20.81	21.065	23.305	24.92	20.755	4.73	0.114999999999998	5.21	4.9	4.985	4.835	3.08	2.825	0.584999999999999	3.135
T386	20.14	24.815	18.75	19.82	19.78	20.185	23.635	21.28	21.82	23.84	25.96	21.205	4.6575	-0.0175000000000001	6.0475	4.9775	5.0175	4.6125	3.5175	2.9775	0.9575	3.5925
T387	19.37	27.185	27.83	20.775	18.95	20.925	23.305	20.65	30.345	27.355	25.53	21.79	5.0475	-2.7675	-3.4125	3.6425	5.4675	3.4925	3.7675	-5.9275	-2.9375	2.6275
T388	20.95	28.81	28.25	22.625	20.795	22.895	24.92	22.15	34.31	28.255	27.55	23.495	5.285	-2.575	-2.015	3.61	5.44	3.34	4.085	-8.075	-2.02	2.74
T389	18.9	26.735	27.45	20.61	18.635	20.095	22.73	20.345	27.68	27.315	24.675	21.78	4.8025	-3.0325	-3.7475	3.0925	5.0675	3.6075	3.3575	-3.9775	-3.6125	1.9225
T390	18.81	27.325	26.45	20.13	18.58	20.66	22.595	20.24	31.625	26.565	24.685	21.655	4.83	-3.685	-2.81	3.51	5.06	2.98	3.4	-7.985	-2.925	1.985
T391	19.25	28.07	26.44	20.465	18.81	20.58	22.875	20.44	30.535	26.51	25.015	21.65	4.695	-4.125	-2.495	3.48	5.135	3.365	3.505	-6.59	-2.565	2.295
T392	19.665	27.54	26.495	20.8	19.405	21.135	23.425	20.695	32.055	26.685	25.365	22.05	4.73	-3.145	-2.1	3.595	4.99	3.26	3.7	-7.66	-2.29	2.345
T393	21.19	29.08	31.37	22.55	20.74	22.43	24.605	22.33	29.315	28.86	27.225	23.645	4.725	-3.165	-5.455	3.365	5.175	3.485	3.585	-3.4	-2.945	2.27
T394	18.86	26.385	24.785	19.9	18.545	20.49	22.605	20.55	30.26	26.07	24.85	21.065	4.8675	-2.6575	-1.0575	3.8275	5.1825	3.2375	3.1775	-6.5325	-2.3425	2.6625
T395	19.285	26.405	26.785	20.085	18.84	19.825	22.765	20.555	28.62	26.39	24.72	21.465	4.4575	-2.6625	-3.0425	3.6575	4.9025	3.9175	3.1875	-4.8775	-2.6475	2.2775
T396	18.84	25.515	24.715	19.785	18.665	19.885	22.435	20.255	29.14	26.205	24.505	21.135	4.63	-2.045	-1.245	3.685	4.805	3.585	3.215	-5.67	-2.735	2.335
T397	20.72	27.16	27.565	21.495	20.425	21.38	24.36	21.685	29.53	27.63	26.445	22.575	4.6825	-1.7575	-2.1625	3.9075	4.9775	4.0225	3.7175	-4.1275	-2.2275	2.8275
T398	18.89	26.2	23.495	19.67	18.655	19.875	22.495	20.145	29.905	25.48	24.8	21.045	4.7575	-2.5525	0.152500000000002	3.9775	4.9925	3.7725	3.5025	-6.2575	-1.8325	2.6025
T399	19.115	27.03	26.19	20.55	18.81	20.01	22.73	20.495	28.68	26.375	25.01	21.725	4.755	-3.16	-2.32	3.32	5.06	3.86	3.375	-4.81	-2.505	2.145
T400	18.86	26.435	26.075	20.37	18.49	19.9	22.68	20.495	28.77	26.415	24.72	21.53	4.84	-2.735	-2.375	3.33	5.21	3.8	3.205	-5.07	-2.715	2.17
T401	19.005	26.175	27.165	20.465	18.645	19.945	22.75	20.275	28.11	26.01	25.12	21.18	4.93	-2.24	-3.23	3.47	5.29	3.99	3.66	-4.175	-2.075	2.755
T402	19.12	25.64	24.935	20.03	18.8	20.03	22.725	20.525	30.26	25.845	24.785	21.245	4.635	-1.885	-1.18	3.725	4.955	3.725	3.23	-6.505	-2.09	2.51
T403	18.925	24.69	17.73	18.66	18.71	18.725	22.49	20.66	19.935	22.46	24.6	20.13	4.62	-1.145	5.815	4.885	4.835	4.82	2.885	3.61	1.085	3.415
T404	19.43	24.21	18.36	18.73	19.15	19.32	22.69	20.84	20.585	22.56	24.81	20.405	4.32	-0.460000000000001	5.39	5.02	4.6	4.43	2.91	3.165	1.19	3.345
T405	19.095	24.875	17.305	18.62	19.11	18.73	22.36	20.735	19.675	22.34	24.745	19.96	4.4575	-1.3225	6.2475	4.9325	4.4425	4.8225	2.8175	3.8775	1.2125	3.5925
T406	19.33	25.4	18.84	19.84	19.11	19.365	22.725	21.2	21.49	23.455	25.205	20.705	4.635	-1.435	5.125	4.125	4.855	4.6	2.765	2.475	0.51	3.26
T407	19.67	26.15	26.075	20.45	19.25	20.32	23.35	21.065	31.8	26.365	25.685	21.73	4.8475	-1.6325	-1.5575	4.0675	5.2675	4.1975	3.4525	-7.2825	-1.8475	2.7875
T408	19.725	25.57	27.255	20.5	19.305	20.315	23.395	21.005	29.895	26.33	25.525	21.405	4.735	-1.11	-2.795	3.96	5.155	4.145	3.455	-5.435	-1.87	3.055
T409	19.815	27.605	26.985	21.47	19.51	21.615	23.78	21.36	31.79	26.99	25.96	22.025	5.055	-2.735	-2.115	3.4	5.36	3.255	3.51	-6.92	-2.12	2.845
T410	18.735	25.765	26.37	20.445	18.455	20.34	22.665	20.23	30.325	25.2	24.8	20.695	4.9975	-2.0325	-2.6375	3.2875	5.2775	3.3925	3.5025	-6.5925	-1.4675	3.0375
T411	18.87	26.42	27.36	20.5	18.55	20.44	22.675	20.275	29.755	26.465	24.84	20.745	4.8875	-2.6625	-3.6025	3.2575	5.2075	3.3175	3.4825	-5.9975	-2.7075	3.0125
T412	18.465	26.415	26.41	20.445	17.95	20.44	22.635	20.43	32.55	25.56	24.77	20.805	5.2375	-2.7125	-2.7075	3.2575	5.7525	3.2625	3.2725	-8.8475	-1.8575	2.8975
T413	19.3	26.655	26.815	20.775	18.85	20.845	23.36	20.48	30.4	26.705	25.345	21.545	5.0525	-2.3025	-2.4625	3.5775	5.5025	3.5075	3.8725	-6.0475	-2.3525	2.8075
T414	18.48	26.1	24.77	19.755	17.9	20.05	22.45	19.835	29.325	25.2	24.75	20.85	5.12	-2.5	-1.17	3.845	5.7	3.55	3.765	-5.725	-1.6	2.75
T415	18.44	26.395	27.195	20.245	17.88	20.035	22.545	19.82	31.365	25.915	24.87	20.97	5.2675	-2.6875	-3.4875	3.4625	5.8275	3.6725	3.8875	-7.6575	-2.2075	2.7375
T416	18.795	26.02	23.855	20.655	18.55	20.715	22.735	20.225	30.775	25.585	25.01	20.955	5.0775	-2.1475	0.0174999999999983	3.2175	5.3225	3.1575	3.6475	-6.9025	-1.7125	2.9175
T417	19.31	29.305	28.935	20.865	19.22	20.825	22.96	20.79	30.57	26.87	24.91	22.47	4.625	-5.37	-5	3.07	4.715	3.11	3.145	-6.635	-2.935	1.465
T418	19.98	31.155	28.945	21.335	19.855	21.045	23.605	20.855	30.515	27.275	25.4	22.995	4.5225	-6.5825	-4.4425	3.1675	4.6475	3.4575	3.6475	-6.0125	-2.7725	1.5075
T419	18.96	23.615	18.95	18.585	18.63	18.89	22.465	20.41	22.79	23.065	24.64	20.57	4.5925	-0.0625	4.6025	4.9675	4.9225	4.6625	3.1425	0.762499999999999	0.487499999999999	2.9825
T420	19.835	28.535	20.58	19.465	19.745	19.825	23.26	21.12	20.52	22.82	25.16	22.435	4.375	-4.325	3.63	4.745	4.465	4.385	3.09	3.69	1.39	1.775
T421	19.64	25.03	21.045	19.28	19.365	19.49	22.67	20.565	23.775	23.575	24.9	20.965	4.145	-1.245	2.74	4.505	4.42	4.295	3.22	0.00999999999999979	0.210000000000001	2.82
T422	19.835	24.855	19.48	18.785	19.48	19.74	23.075	20.92	21.39	23.01	25.145	21.66	4.275	-0.744999999999999	4.63	5.325	4.63	4.37	3.19	2.72	1.1	2.45
T423	19.435	26.43	28.77	21.245	18.835	20.81	22.68	20.33	30.605	26.82	24.915	21.95	4.3625	-2.6325	-4.9725	2.5525	4.9625	2.9875	3.4675	-6.8075	-3.0225	1.8475
T424	18.68	25.285	26.015	20.47	18.49	20.46	22.505	20.415	33.71	26.06	24.8	21.34	4.9725	-1.6325	-2.3625	3.1825	5.1625	3.1925	3.2375	-10.0575	-2.4075	2.3125
T425	17.84	24.595	27.49	20.26	17.725	19.46	21.455	19.375	29.62	25.54	23.99	20.455	4.8825	-1.8725	-4.7675	2.4625	4.9975	3.2625	3.3475	-6.8975	-2.8175	2.2675
T426	20.895	27.865	26.62	21.78	20.625	21.76	24.575	22.13	31.98	27.47	26.845	22.775	4.815	-2.155	-0.910000000000002	3.93	5.085	3.95	3.58	-6.27	-1.76	2.935
T427	18.76	25.02	25.75	19.785	18.68	19.51	22.495	19.885	29.385	25.77	24.905	20.835	4.94	-1.32	-2.05	3.915	5.02	4.19	3.815	-5.685	-2.07	2.865
T428	19.71	26.31	24.52	19.805	19.57	20.765	22.61	20.305	28.075	25.975	25.32	21.745	4.255	-2.345	-0.555000000000001	4.16	4.395	3.2	3.66	-4.11	-2.01	2.22
T429	20.96	28.605	28.605	22.285	21.06	21.81	24.29	21.67	31.575	27.46	26.82	22.925	4.595	-3.05	-3.05	3.27	4.495	3.745	3.885	-6.02	-1.905	2.63
T430	20.87	28.37	26.655	21.46	20.925	21.935	23.805	21.65	29.51	27.535	26.875	22.985	4.47	-3.03	-1.315	3.88	4.415	3.405	3.69	-4.17	-2.195	2.355
T431	18.935	27.545	25.845	20.665	18.895	20.75	22.795	20.74	29.85	25.685	25.055	21.79	4.99	-3.62	-1.92	3.26	5.03	3.175	3.185	-5.925	-1.76	2.135
T432	19.09	25.95	25.515	20.745	18.94	20.76	22.96	20.605	27.96	26.105	25.105	21.715	4.9425	-1.9175	-1.4825	3.2875	5.0925	3.2725	3.4275	-3.9275	-1.975	2.3175
T433	18.88	24.66	17.99	18.765	18.71	19.235	22.515	20.285	20.875	22.72	24.765	20.505	4.76	-1.02	5.65	4.875	4.93	4.405	3.355	2.765	0.92	3.135
T434	19.72	25.565	19.125	19.765	19.61	20.58	23.33	20.76	21.96	23.515	25.65	21.41	4.77	-1.075	5.365	4.725	4.88	3.91	3.73	2.53	0.975	3.08
T435	18.87	25.55	22.74	19.795	18.775	19.925	22.565	20.39	27.37	25.405	24.925	21.11	4.875	-1.805	1.005	3.95	4.97	3.82	3.355	-3.625	-1.66	2.635
T436	18.68	25.535	23.895	19.555	18.535	19.73	21.77	19.83	28.325	24.95	24.265	20.77	4.3375	-2.5175	-0.877499999999998	3.4625	4.4825	3.2875	3.1875	-5.3075	-1.9325	2.2475
T437	18.935	26.725	26.495	20.62	18.82	20.785	22.8	20.24	29.46	26.88	24.865	21.66	4.8975	-2.8925	-2.6625	3.2125	5.0125	3.0475	3.5925	-5.6275	-3.0475	2.1725
T438	18.78	26.555	25.04	20.535	18.695	20.63	22.705	20.43	29.165	25.755	25.44	21.515	5.2925	-2.4825	-0.967499999999998	3.5375	5.3775	3.4425	3.6425	-5.0925	-1.6825	2.5575
T439	18.69	23.675	16.79	17.89	18.525	17.95	21.715	19.74	19.685	21.7	23.945	19.805	4.14	-0.844999999999999	6.04	4.94	4.305	4.88	3.09	3.145	1.13	3.025
T440	19.705	24.145	18.66	19.64	19.62	18.965	22.735	20.75	21.87	23.175	25.315	20.875	4.32	-0.120000000000003	5.365	4.385	4.405	5.06	3.275	2.155	0.849999999999998	3.15
T441	18.835	23.915	16.98	18	18.72	18.665	21.845	19.995	19.79	21.9	24.53	19.945	4.3525	-0.727499999999999	6.2075	5.1875	4.4675	4.5225	3.1925	3.3975	1.2875	3.2425
T442	18.675	23.61	16.445	17.89	18.56	18.105	21.65	19.9	19.505	21.675	24.205	19.825	4.2525	-0.682500000000001	6.4825	5.0375	4.3675	4.8225	3.0275	3.4225	1.2525	3.1025
T443	19.71	26.07	25.69	20.465	19.065	20.135	22.92	20.69	29.04	26.255	25.46	21.52	4.48	-1.88	-1.5	3.725	5.125	4.055	3.5	-4.85	-2.065	2.67
T444	19.045	24.965	25.86	19.915	18.875	19.9	22.59	19.93	29.34	25.68	24.925	21.085	4.7125	-1.2075	-2.1025	3.8425	4.8825	3.8575	3.8275	-5.5825	-1.9225	2.6725
T445	18.51	24.115	20.86	18.915	18.36	18.89	21.985	20.06	25.255	23.305	24.43	20.37	4.6975	-0.907500000000001	2.3475	4.2925	4.8475	4.3175	3.1475	-2.0475	-0.0975000000000001	2.8375
T446	19.2	25.01	20.82	19.715	19.035	19.74	22.735	20.46	24.085	23.75	25.08	20.83	4.7075	-1.1025	3.0875	4.1925	4.8725	4.1675	3.4475	-0.1775	0.157500000000001	3.0775
T447	19.185	26.535	25.615	20.235	18.935	20.755	22.845	20.635	31.505	25.96	25.12	21.775	4.7975	-2.5525	-1.6325	3.7475	5.0475	3.2275	3.3475	-7.5225	-1.9775	2.2075
T448	18.985	26.78	25.24	20.265	18.795	20.68	22.725	20.655	29.67	26.01	25.09	21.83	4.9225	-2.8725	-1.3325	3.6425	5.1125	3.2275	3.2525	-5.7625	-2.1025	2.0775
T449	18.17	26.495	25.515	19.85	18.025	19.855	21.91	19.745	31.565	24.87	24.495	20.835	5.0325	-3.2925	-2.3125	3.3525	5.1775	3.3475	3.4575	-8.3625	-1.6675	2.3675
T450	18.89	26.83	25.015	20.085	18.705	20.675	22.66	20.43	30.17	25.985	24.955	21.34	4.9175	-3.0225	-1.2075	3.7225	5.1025	3.1325	3.3775	-6.3625	-2.1775	2.4675
T451	18.69	25.72	25.025	19.975	18.655	20.455	22.565	20.05	28.84	25.785	24.57	21.2	4.8775	-2.1525	-1.4575	3.5925	4.9125	3.1125	3.5175	-5.2725	-2.2175	2.3675
T452	18.87	25.81	25.46	20.025	18.745	19.86	22.62	19.845	31.045	25.54	25.11	20.77	4.995	-1.945	-1.595	3.84	5.12	4.005	4.02	-7.18	-1.675	3.095
T453	18.795	26.44	24.48	19.855	18.57	20.525	22.505	19.82	29.735	25.51	24.805	21.035	4.86	-2.785	-0.824999999999999	3.8	5.085	3.13	3.835	-6.08	-1.855	2.62
T454	18.88	26.66	23.535	19.805	18.58	20.34	22.6	19.935	29.9	25.625	24.965	21.105	4.9025	-2.8775	0.247499999999999	3.9775	5.2025	3.4425	3.8475	-6.1175	-1.8425	2.6775
T455	18.9	23.71	17.985	18.585	18.73	17.975	21.88	19.86	20.925	22.895	24.79	19.89	4.435	-0.374999999999998	5.35	4.75	4.605	5.36	3.475	2.41	0.44	3.445
T456	19.845	24.805	18.6	19.475	19.6	19.895	22.8	20.79	22.08	23.65	25.165	20.83	4.1375	-0.8225	5.3825	4.5075	4.3825	4.115	3.1925	1.9025	0.3325	3.1525
T457	18.89	24.045	17.42	17.965	18.62	17.92	21.75	19.865	20.575	22	24.325	19.935	4.1475	-1.0075	5.6175	5.0725	4.4175	5.1175	3.1725	2.4625	1.0375	3.1025
T458	19.18	23.96	17.92	19.525	18.935	19.04	22.495	20.595	21.815	22.91	25.025	20.77	4.58	-0.200000000000001	5.84	4.235	4.825	4.72	3.165	1.945	0.849999999999998	2.99
T459	18.885	24.62	16.975	18.615	18.77	18.885	22.48	20.665	19.49	21.77	24.82	20.565	4.765	-0.969999999999999	6.675	5.035	4.88	4.765	2.985	4.16	1.88	3.085
T460	22.57	28.27	20.425	21.58	22.465	22.665	25.41	23.385	21.91	25.045	28.64	23.04	4.455	-1.245	6.6	5.445	4.56	4.36	3.64	5.115	1.98	3.985
T461	18.885	27.445	27.22	20.765	18.805	20.645	22.425	19.905	33.985	25.89	24.635	21.785	4.645	-3.915	-3.69	2.765	4.725	2.885	3.625	-10.455	-2.36	1.745
T462	18.39	26.74	25.685	19.895	18.605	19.94	22.365	19.88	37.42	25.495	24.465	21.14	5.025	-3.325	-2.27	3.52	4.81	3.475	3.535	-14.005	-2.08	2.275
T463	18.81	26.84	28.52	20.38	18.69	19.83	22.34	19.775	29.66	26.07	24.72	21.15	4.72	-3.31	-4.99	3.15	4.84	3.7	3.755	-6.13	-2.54	2.38
T464	19.8	28.125	26.475	20.76	19.655	20.91	22.82	20.69	31.17	26.16	25.185	21.855	4.2025	-4.1225	-2.4725	3.2425	4.3475	3.0925	3.3125	-7.1675	-2.1575	2.1475
T465	18.155	26.135	26.625	20.525	18.415	19.895	22.015	19.915	29.75	24.96	24.535	21.275	5.12	-2.86	-3.35	2.75	4.86	3.38	3.36	-6.475	-1.685	2
T466	18.57	26.51	26.13	20.58	18.57	20.52	22.5	19.74	29.35	25.515	24.97	20.85	5.165	-2.775	-2.395	3.155	5.165	3.215	3.995	-5.615	-1.78	2.885
T467	19.355	25.43	23.445	19.66	19.46	19.585	22.665	20.45	26.785	24.855	25.55	20.74	4.7525	-1.3225	0.6625	4.4475	4.6475	4.5225	3.6575	-2.6775	-0.747499999999999	3.3675
T468	18.785	25.445	19.58	19.39	18.775	19.54	22.155	19.885	26.575	23.515	24.81	20.76	4.6975	-1.9625	3.9025	4.0925	4.7075	3.9425	3.5975	-3.0925	-0.0325000000000006	2.7225
T469	18.9	26.285	25.065	19.9	18.81	20.31	22.575	19.955	28.42	25.73	25.33	21.01	5.0525	-2.3325	-1.1125	4.0525	5.1425	3.6425	3.9975	-4.4675	-1.7775	2.9425
T470	18.795	26.365	23.78	19.77	18.75	20.235	22.565	19.95	28.605	25.535	24.885	21.165	4.93	-2.64	-0.0549999999999979	3.955	4.975	3.49	3.775	-4.88	-1.81	2.56
T471	18.945	26.575	23.495	19.6	18.705	19.965	22.625	20.225	28.23	24.96	24.915	21.085	4.825	-2.805	0.275	4.17	5.065	3.805	3.545	-4.46	-1.19	2.685
T472	19.905	25.695	24.86	20.66	19.635	20.805	23.135	20.775	35.07	26.59	25.515	21.82	4.42	-1.37	-0.535	3.665	4.69	3.52	3.55	-10.745	-2.265	2.505
T473	18.935	26.76	27.1	20.605	18.825	20.045	22.71	20.145	30.29	26.545	24.86	21.23	4.85	-2.975	-3.315	3.18	4.96	3.74	3.64	-6.505	-2.76	2.555
T474	18.945	26.18	26.53	20.15	18.785	19.885	22.515	19.95	31.02	25.775	24.835	20.93	4.73	-2.505	-2.855	3.525	4.89	3.79	3.725	-7.345	-2.1	2.745
T475	18.66	25.28	25.355	19.58	18.215	19.31	21.92	19.73	27.555	25.23	24.115	20.76	4.3575	-2.2625	-2.3375	3.4375	4.8025	3.7075	3.2875	-4.5375	-2.2125	2.2575
T476	18.665	26.05	24.615	19.595	18.555	19.385	21.83	19.64	29.475	25.525	24.51	20.675	4.505	-2.88	-1.445	3.575	4.615	3.785	3.53	-6.305	-2.355	2.495
T477	18.485	24.075	24.235	19.46	18.545	18.71	21.605	19.485	27.77	24.56	24.595	19.9	4.615	-0.975000000000001	-1.135	3.64	4.555	4.39	3.615	-4.67	-1.46	3.2
T478	18.775	24.605	24.065	19.525	18.67	18.815	21.725	19.74	28.445	24.715	24.73	20.585	4.4525	-1.3775	-0.8375	3.7025	4.5575	4.4125	3.4875	-5.2175	-1.4875	2.6425
T479	18.965	26.465	26.79	20.695	18.81	19.98	22.54	19.96	29.77	25.645	24.99	21.64	4.8	-2.7	-3.025	3.07	4.955	3.785	3.805	-6.005	-1.88	2.125
T480	18.28	26.315	25.875	19.755	18.425	19.805	22.465	19.72	29.525	25.355	24.61	20.875	5.2575	-2.7775	-2.3375	3.7825	5.1125	3.7325	3.8175	-5.9875	-1.8175	2.6625
T481	19.18	26.515	26.75	20.715	18.95	20.235	22.775	20.46	29.585	26.31	25.12	21.5	4.7675	-2.5675	-2.8025	3.2325	4.9975	3.7125	3.4875	-5.6375	-2.3625	2.4475
T482	18.785	25.855	25.36	19.9	18.715	19.765	22.65	19.99	27.24	25.835	24.92	20.955	5	-2.07	-1.575	3.885	5.07	4.02	3.795	-3.455	-2.05	2.83
T483	19.68	25.915	26.645	20.745	19.355	20.08	22.865	20.57	28.875	26.675	25.56	21.595	4.5325	-1.7025	-2.4325	3.4675	4.8575	4.1325	3.6425	-4.6625	-2.4625	2.6175
T484	18.235	24.875	24.565	19.675	18.275	19.645	21.86	19.74	25.725	24.965	24.205	20.83	4.7975	-1.8425	-1.5325	3.3575	4.7575	3.3875	3.2925	-2.6925	-1.9325	2.2025
T485	18.575	25.2	26.305	19.835	18.635	19.58	21.94	19.765	28.135	25.845	24.64	20.92	4.715	-1.91	-3.015	3.455	4.655	3.71	3.525	-4.845	-2.555	2.37
T486	18.965	26.255	24.775	19.83	18.86	19.975	22.69	20.025	29.265	25.675	24.61	21.23	4.685	-2.605	-1.125	3.82	4.79	3.675	3.625	-5.615	-2.025	2.42
T487	18.68	26.015	26.3	20.39	18.55	19.97	22.055	20.005	30.16	25.195	24.09	20.98	4.3925	-2.9425	-3.2275	2.6825	4.5225	3.1025	3.0675	-7.0875	-2.1225	2.0925
T488	18.9	27.455	25.68	20.42	18.8	19.94	22.5	20.225	30.49	26.23	24.725	21.335	4.7125	-3.8425	-2.0675	3.1925	4.8125	3.6725	3.3875	-6.8775	-2.6175	2.2775
T489	18.655	24.34	20.55	18.805	18.515	18.94	22.02	19.865	25.57	24.39	24.485	20.565	4.5975	-1.0875	2.7025	4.4475	4.7375	4.3125	3.3875	-2.3175	-1.1375	2.6875
T490	18.745	25.395	19.945	18.72	18.59	19.59	21.705	19.785	25.495	23.75	24.04	20.615	4.1275	-2.5225	2.9275	4.1525	4.2825	3.2825	3.0875	-2.6225	-0.8775	2.2575
T491	18.71	24.38	17.865	18.46	18.52	18.745	22.215	19.86	20.39	21.89	24.03	20.57	4.4125	-1.2575	5.2575	4.6625	4.6025	4.3775	3.2625	2.7325	1.2325	2.5525
T492	18.975	24.57	18.81	19.47	18.79	19.54	22.535	20.69	22.265	22.765	24.76	20.815	4.6725	-0.922499999999999	4.8375	4.1775	4.8575	4.1075	2.9575	1.3825	0.8825	2.8325
T493	18.275	24.27	25.16	19.77	18.395	18.805	21.825	19.715	28.81	25.435	24.68	20.055	4.9775	-1.0175	-1.9075	3.4825	4.8575	4.4475	3.5375	-5.5575	-2.1825	3.1975
T494	18.67	25.425	22.52	19.475	18.56	19.53	22.3	19.68	27.105	24.535	24.565	20.56	4.7625	-1.9925	0.912499999999998	3.9575	4.8725	3.9025	3.7525	-3.6725	-1.1025	2.8725
T495	18.845	25.56	24.92	19.635	18.555	19.525	22.45	19.735	28.985	25.475	24.725	20.83	4.7425	-1.9725	-1.3325	3.9525	5.0325	4.0625	3.8525	-5.3975	-1.8875	2.7575
T496	18.965	25.375	24.49	20.47	18.89	19.775	22.525	20.49	28.935	26.075	24.825	21.07	4.71	-1.7	-0.815	3.205	4.785	3.9	3.185	-5.26	-2.4	2.605
T497	18.72	26.91	25.09	20.475	18.66	20.465	22.525	19.92	27.735	25.92	24.985	21.01	5.035	-3.155	-1.335	3.28	5.095	3.29	3.835	-3.98	-2.165	2.745
T498	18.945	27.33	26.46	21.38	19.14	20.865	23.38	20.685	28.06	26.53	25.29	21.94	5.39	-2.995	-2.125	2.955	5.195	3.47	3.65	-3.725	-2.195	2.395
T499	19.925	27.345	27.305	21.19	19.705	20.89	23.435	20.8	31.1	26.645	26.02	22.025	4.8025	-2.6175	-2.5775	3.5375	5.0225	3.8375	3.9275	-6.3725	-1.9175	2.7025
T500	19.045	27.55	26.13	20.49	18.955	20.735	22.64	20.53	29.56	25.875	24.995	21.74	4.7725	-3.7325	-2.3125	3.3275	4.8625	3.0825	3.2875	-5.7425	-2.0575	2.0775
T501	18.935	27.41	28.19	20.8	18.785	20.6	22.565	20.08	30.275	26.86	24.875	21.8	4.785	-3.69	-4.47	2.92	4.935	3.12	3.64	-6.555	-3.14	1.92
T502	22.725	30.06	29.79	23.75	22.585	24.81	25.75	23.4	33.55	31.26	28.95	24.205	4.625	-2.71	-2.44	3.6	4.765	2.54	3.95	-6.2	-3.6125	3.145
T503	18.465	25.77	26.415	20.41	18.5	19.815	22.285	19.65	28.835	25.755	24.81	20.81	5.0825	-2.2225	-2.8675	3.1375	5.0475	3.7325	3.8975	-5.2875	-2.2075	2.7375
T504	18.835	28.51	25.6	20.61	18.805	20.62	22.48	20.49	29.94	25.86	24.91	21.82	4.86	-4.815	-1.905	3.085	4.89	3.075	3.205	-6.245	-2.165	1.875
T505	18.985	27.01	27.245	20.715	18.92	20.57	22.62	20.525	29.66	26.53	25.11	21.76	4.88	-3.145	-3.38	3.15	4.945	3.295	3.34	-5.795	-2.665	2.105
T506	19.15	27	27.165	21.135	19.08	20.735	22.82	20.495	29.565	26.755	25.515	21.84	5.0175	-2.8325	-2.9975	3.0325	5.0875	3.4325	3.6725	-5.3975	-2.5875	2.3275
T507	18.99	28.105	28.71	20.77	18.925	20.625	22.625	20.285	30.86	26.8	24.95	21.68	4.7975	-4.3175	-4.9225	3.0175	4.8625	3.1625	3.5025	-7.0725	-3.0125	2.1075
T508	18.575	26.04	28.975	21.31	18.48	20.685	22.405	19.73	29.5	26.555	24.46	21.645	4.8575	-2.6075	-5.5425	2.1225	4.9525	2.7475	3.7025	-6.0675	-3.1225	1.7875
T509	17.97	25.465	24.795	19.435	17.755	19.61	21.74	19.48	28.355	24.605	24.135	20.555	4.9675	-2.5275	-1.8575	3.5025	5.1825	3.3275	3.4575	-5.4175	-1.6675	2.3825
T510	18.75	25.955	24.66	19.89	18.555	19.705	22.465	19.745	28.275	25.395	24.815	20.72	4.89	-2.315	-1.02	3.75	5.085	3.935	3.895	-4.635	-1.755	2.92
T511	18.29	25.7	26.18	19.795	18.33	19.675	21.875	19.715	29.69	26.47	24.455	20.87	4.875	-2.535	-3.015	3.37	4.835	3.49	3.45	-6.525	-3.305	2.295
T512	18.855	26.165	26.16	19.96	18.645	19.93	22.515	19.895	29.07	25.62	24.81	20.935	4.8075	-2.5025	-2.4975	3.7025	5.0175	3.7325	3.7675	-5.4075	-1.9575	2.7275
T513	19.065	25.47	23.95	19.785	18.81	20.315	22.745	20.31	26.455	25.575	25.135	21.165	4.875	-1.53	-0.00999999999999801	4.155	5.13	3.625	3.63	-2.515	-1.635	2.775
T514	18.915	25.91	23.985	19.765	18.905	19.855	22.605	19.99	28.845	25.715	24.905	21.14	4.84	-2.155	-0.230000000000002	3.99	4.85	3.9	3.765	-5.09	-1.96	2.615
T515	19.78	26.61	25.92	20.73	19.595	20.755	23.335	20.955	29.945	27.22	25.525	21.95	4.65	-2.18	-1.49	3.7	4.835	3.675	3.475	-5.515	-2.79	2.48
T516	18.83	26.575	25.86	20.415	18.665	20.545	22.525	20.525	27.59	26.19	24.705	21.47	4.785	-2.96	-2.245	3.2	4.95	3.07	3.09	-3.975	-2.575	2.145
T517	17.84	26.32	28.4	19.675	17.74	19.465	21.67	19.555	35.105	25.285	23.905	20.65	4.9475	-3.5325	-5.6125	3.1125	5.0475	3.3225	3.2325	-12.3175	-2.4975	2.1375
T518	18.81	27.315	27.595	20.515	18.76	20.655	22.65	19.89	28.255	25.775	25.175	21.54	5.1025	-3.4025	-3.6825	3.3975	5.1525	3.2575	4.0225	-4.3425	-1.8625	2.3725
T519	19.81	27.015	29.075	21.6	19.65	21.42	23.325	20.765	34.87	27.985	25.83	22.445	4.7675	-2.4375	-4.4975	2.9775	4.9275	3.1575	3.8125	-10.2925	-3.4075	2.1325
T520	18.44	26.23	25.9	20.31	18.49	19.595	21.82	19.84	30.205	25.47	24.14	20.92	4.54	-3.25	-2.92	2.67	4.49	3.385	3.14	-7.225	-2.49	2.06
T521	18.935	27.39	28.365	20.67	18.77	20.515	22.68	20.07	32.995	26.55	24.88	21.835	4.845	-3.61	-4.585	3.11	5.01	3.265	3.71	-9.215	-2.77	1.945
T522	18.625	26.605	28.18	20.375	18.37	19.81	22.34	19.67	28.575	25.155	24.24	21.09	4.665	-3.315	-4.89	2.915	4.92	3.48	3.62	-5.285	-1.865	2.2
T523	18.59	24.74	24.695	19.575	18.335	19.235	22.01	19.59	29.38	25.36	24.215	20.67	4.5225	-1.6275	-1.5825	3.5375	4.7775	3.8775	3.5225	-6.2675	-2.2475	2.4425
T524	18.11	25.4	25.53	19.895	18.005	19.565	21.925	19.745	29.975	25.69	24.595	20.74	5.15	-2.14	-2.27	3.365	5.255	3.695	3.515	-6.715	-2.43	2.52
T525	18.1	25.545	26.03	19.765	18.2	19.565	21.785	19.65	29.655	25.38	24.32	20.76	4.9525	-2.4925	-2.9775	3.2875	4.8525	3.4875	3.4025	-6.6025	-2.3275	2.2925
T526	19.68	26.05	27.3	20.815	19.5	20.735	23.105	20.82	35.8	27.18	25.765	21.865	4.755	-1.615	-2.865	3.62	4.935	3.7	3.615	-11.365	-2.745	2.57
T527	18.78	25.915	26.13	20.56	18.705	19.98	22.615	20.02	31.465	26.58	25.035	21.66	5.045	-2.09	-2.305	3.265	5.12	3.845	3.805	-7.64	-2.755	2.165
T528	18.94	26.13	25.625	20.645	18.825	20.035	22.53	19.99	28.155	26.6	24.995	21.11	4.8225	-2.3675	-1.8625	3.1175	4.9375	3.7275	3.7725	-4.3925	-2.8375	2.6525
T529	19.26	27.13	28.275	20.835	18.785	20.81	22.675	20.765	28.29	28.115	24.92	21.925	4.5375	-3.3325	-4.4775	2.9625	5.0125	2.9875	3.0325	-4.4925	-4.3175	1.8725
T530	18.91	26.315	27.28	20.53	18.73	20.465	22.58	19.895	30.515	26.01	24.755	21.425	4.7575	-2.6475	-3.6125	3.1375	4.9375	3.2025	3.7725	-6.8475	-2.3425	2.2425
T531	18.325	25.67	25.425	19.7	18.57	19.825	22.395	19.815	28.705	25.57	24.76	20.895	5.2525	-2.0925	-1.8475	3.8775	5.0075	3.7525	3.7625	-5.1275	-1.9925	2.6825
T532	18.04	24.665	23.26	19.48	18.21	19.51	22.025	19.66	28.015	24.75	24.105	20.69	5.025	-1.6	-0.194999999999999	3.585	4.855	3.555	3.405	-4.95	-1.685	2.375
T533	18.725	25.615	26.285	20.34	18.515	19.765	22.31	19.745	31.45	25.615	24.45	20.97	4.655	-2.235	-2.905	3.04	4.865	3.615	3.635	-8.07	-2.235	2.41
T534	18.89	25.875	27.14	20.535	18.74	20.51	22.56	20.1	29.995	25.825	24.815	21.625	4.7975	-2.1875	-3.4525	3.1525	4.9475	3.1775	3.5875	-6.3075	-2.1375	2.0625
T535	19.37	26.66	26.945	20.86	19.425	20.35	22.615	20.66	30.365	26.61	24.905	21.865	4.39	-2.9	-3.185	2.9	4.335	3.41	3.1	-6.605	-2.85	1.895
T536	19.09	26.305	24.495	20.475	18.655	20.725	22.615	20.265	29.06	25.785	24.765	21.455	4.6	-2.615	-0.804999999999998	3.215	5.035	2.965	3.425	-5.37	-2.095	2.235
T537	19.775	24.57	20.255	19.385	19.46	19.605	22.765	20.515	23.685	23.455	25.265	20.695	4.24	-0.555000000000001	3.76	4.63	4.555	4.41	3.5	0.329999999999998	0.559999999999999	3.32
T538	19.67	24.67	18.905	19.685	19.565	19.565	22.725	20.705	21.1	22.95	25.38	20.86	4.3825	-0.6175	5.1475	4.3675	4.4875	4.4875	3.3475	2.9525	1.1025	3.1925
T539	20.185	25.715	21.695	19.81	19.845	20.275	23.495	20.96	24.795	24.385	26.365	21.09	4.745	-0.785	3.235	5.12	5.085	4.655	3.97	0.135	0.545	3.84
T540	19.82	24.51	19.355	19.64	19.65	19.93	23.365	20.9	22.325	23.58	25.74	20.935	4.7325	0.0425000000000022	5.1975	4.9125	4.9025	4.6225	3.6525	2.2275	0.972500000000002	3.6175
T541	18.89	26.695	27.365	20.73	18.735	20.385	22.85	20.09	31.895	25.825	25.585	21.785	5.3275	-2.4775	-3.1475	3.4875	5.4825	3.8325	4.1275	-7.6775	-1.6075	2.4325
T542	17.805	25.85	25.565	19.865	17.85	19.71	21.705	19.085	31.455	25.315	24.18	20.425	5.1375	-2.9075	-2.6225	3.0775	5.0925	3.2325	3.8575	-8.5125	-2.3725	2.5175
T543	17.88	24.495	24.805	18.745	17.81	18.54	21.625	19.67	27.655	24.455	23.97	20.125	4.9175	-1.6975	-2.0075	4.0525	4.9875	4.2575	3.1275	-4.8575	-1.6575	2.6725
T544	19.435	25.67	21.495	19.555	19.5	19.88	23.01	20.73	24.87	24.585	25.025	21.645	4.5825	-1.6525	2.5225	4.4625	4.5175	4.1375	3.2875	-0.852499999999999	-0.567499999999997	2.3725
T545	18.715	24.365	23.82	18.895	18.605	18.86	21.765	19.835	28.315	24.755	24.255	20.605	4.295	-1.355	-0.81	4.115	4.405	4.15	3.175	-5.305	-1.745	2.405
T546	18.62	24.605	20.69	18.73	18.63	19.46	22.045	19.885	25.225	24.03	24.655	20.79	4.73	-1.255	2.66	4.62	4.72	3.89	3.465	-1.875	-0.68	2.56
T547	18.78	26.425	26.205	20.445	18.56	20.235	22.305	19.855	29.49	24.915	24.55	21.6	4.6475	-2.9975	-2.7775	2.9825	4.8675	3.1925	3.5725	-6.0625	-1.4875	1.8275
T548	18.88	27.215	26.635	20.85	18.755	20.52	22.73	20.78	29.23	25.645	25.05	22.05	5.01	-3.325	-2.745	3.04	5.135	3.37	3.11	-5.34	-1.755	1.84
T549	18.7	26.455	25.585	19.58	18.505	19.83	22.49	19.94	28.275	25.715	24.6	21.11	4.845	-2.91	-2.04	3.965	5.04	3.715	3.605	-4.73	-2.17	2.435
T231	18.82	25.03	26.74	19.76	18.31	19.83	22.37	19.82	28.46	25.22	24.255	20.985	4.4925	-1.7175	-3.4275	3.5525	5.0025	3.4825	3.4925	-5.1475	-1.9075	2.3275
T550	18.705	26.025	25.745	19.75	18.62	19.97	22.46	19.77	27.885	25.495	24.45	20.95	4.75	-2.57	-2.29	3.705	4.835	3.485	3.685	-4.43	-2.04	2.505
